Source,Target,Year,Book,Lot
Kemble,Devonshire,1798,779,
Steeves,G.D.Smith,1916,780,329
James Perry,Jolley,1823,769,303
Bright,Comerford,1845,770,4109
Jones,Clawson,1923,767,44
H.G.Read,McKee,,769,
Bridgewater,Huntington,,772,
Sotheby’s,G.D.Smith,1904,769,583
Devonshire,Huntington,,779,
R.S.Turner,Charles Butler of Warren Wood,1888,780,3018
Ouvry,Locker,1882,781,1097
Heber,Britwell,1834,773,1865
McKee,Sotheby’s,1901,769,
Comerford,G.D.Smith,1881,770,2839
E.D.Church,Huntington,,771,
Charles Butler of Warren Wood,Steeves,1911,780,844
Scott’s Cat.,James Perry,1804,769,550
Jolley,Charles Clark of Totham Hall,1844,769,1614
Charles Clark of Totham Hall,H.G.Read,,769,
C.L.F. Robinson,Chew,1917,781,467
Locker,Hoe,,781,
Hoe,C.L.F. Robinson,1912,781,2468
Mostyn,Clawson,1919,520,71
Sir Henry Spelman,Rev. Cox Macro,1709,MS. 40A,
G.D.Smith,Clawson,1920,521,358
Tite,Huth,1874,527,1586
Inglis,Britwell,1826,529,764
Mostyn,Clawson,1919,526,361
Bliss,Hoe,1858,530,1499
Mostyn,G.D.Smith,1919,521,347
Mostyn,Clawson,1919,518,171
Jones,Clawson,1919,523,
Puttick’s,Jones,1918,523,182
Rev. Cox Macro,"John Pattenson, M.P. for Norwich",,MS. 40A,
"John Pattenson, M.P. for Norwich",Hudson Gurney,1820,MS. 40A,
Hoe,Huntington,1912,530,1653
Mostyn,Clawson,1919,524,338
Corser,Tite,1869,527,712
Huth,Jones,1914,527,3978
Hoe,Huntington,1912,806,2599
Devonshire,Huntington,,804,
M.J.Perry,Jones,,805,
Sotheby’s,Sotheby’s,1901,808,
Heber,Britwell,1834,807,2007t
Kemble,Devonshire,1798,804,
Pulsford,Titus,1914,809,583
James E. Matthew,Pulsford,,809,
Locker,M.J.Perry,,805,
Bridgewater,Huntington,,817,
Sotheby’s,Shakespeare Library,1916,808,
Huth,White,1912,151,1476
Narcissus Luttrell,Farmer,,160,
Herber,Britwell,1834,153,342
Devonshire,Huntington,,148,
Freeling,Corser,1836,151,866
Brinley Nicholson,W.A. White,1893,156,
Rev. John Mitford,Mark P. Robinson,1860,157,2640
Fountaine,Huth,1902,152,189
Huntington,Clawson,1918,159,88
Heber,Britwell,1834,160,332
Farmer,Heber,1798,160,6443
Chew,Huntington,,150,
Bridgewater,Huntington,,159,
Halliwell Phillipps,Britwell,1889,161,248
Britwell,W.A. White,1921,161,26
Huntington,English Literature from London,,150,
Britwell,Clawson,1922,160,130
Corser,Huth,1869,151,77
Gaisford,J.T. Adams,1890,153,1042
Britwell,Gaisford,1854,153,161
Evans,Frederick Perkins,1825,901,
Bridgewater,Huntington,,903,
Colin Campbell,Hagen,,911 D,
Hoe,Hagen,,911 K,
Sotheby’s,Henkels’s Shakespeare sale,1914,914,
Halliwell Phillipps,Sotheby’s,1889,914,903
M.J.Perry,Hagen,,911 M,
Charles Campbell,M.J.Perry,,911 M,
Huth,Jones,1912,913,1904
Sotheby’s,Sotheby’s,1911,914,
H.J.B.Swete,Hagen,,911 J,
Devonshire,Huntington,,902,
Jones,Clawson,1919,903,1409
Huntington,Jones,,903,
Sotheby’s,Hagen,1904,910,880
Frederick Perkins,Britwell,1889,901,1710
Thomas Barret of Lee,Colin Campbell,,911 D,
Lefferts,Hagen,1902,325,461
Lefferts,Hagen,1902,327,464
Lefferts,Hagen,1902,316,448
Lefferts,Hagen,1902,319,450
Halliwell Phillipps,Hagen,1889,329,875
Devonshire,Huntington,,323,
Kemble,Devonshire,1798,323,
Halsey,Huntington,,324,
Britwell,Clawson,1921,246,45
Octavius G. Gilchrist,Ashburnham,1824,248,
Hibbert,Britwell,1829,246,6696
E.M.Cox,Clawson,1920,245,2586
Wiper,Forman,1891,253,92
Frederick Perkins,Huth,1889,251,541
Hoe,Halsey,1911,248,
Philip Lord Hardwicke,Shakespeare Library,,252,
Waldron,Philip Lord Hardwicke,,252,
Ashburnham,Hoe,1897,248,1259
Bliss,Huth,1858,24,109
Hoe,Huntington,1912,32,112
Huntington,English Literature from London,,32,
Huth,Clawson,1911,24,392
Crossleyt,Pearson,,938,
Pearson,Jones,1916,938,277
Heber,Crossleyt,1834,938,2467
George Smith,Huth,1867,937,7234
Bindley,Hibbert,1819,942,1132
Steevens,B.A.P.,1800,943,1078
Heber,Britwell,,941,2357
Lefferts,Hagen,1902,930,1236
Heber,Britwell,1834,943,2364
Chalmers,Corser,1842,944,567
Hibbert,Daniel,1829,942,7427
Bowle,Chalmers,1790,944,10004
Corser,Huth,1870,944,742
Bright,Heber,1845,938,5239
Sykes,Heber,1824,941,360
B.A.P.,Heber,1815,943,686
Daniel,Huth,1864,942,1527
Bridgewater,Huntington,,934,
Daniel,Huth,1864,940,1529
Heber,Britwell,1836,280,376
Kemble,Devonshire,1798,282,
John Duerdin,H.B.Forman,1884,275,195
Huntington,Jones,1917,276,147
Devonshire,Huntington,,281,
Britwell,Clawson,1922,280,224
Locker,Huntington,,278,
Huntington,Jones,1917,278,144
Huntington,Clawson,1918,274,208
Titef,Huth,1874,274,871
Hoe,Huntington,1912,288,870
Huth,Huntington,1912,274,2076
Hoe,Huntington,1912,276,854
Kemble,Devonshire,1814,281,
Devonshire,Huntington,,282,
Locker,Jones,,283,
Mitford,Locker,,279,
Lefferts,Hagen,1902,176,217
Jones,Clawson,1923,167,40
Lefferts,Hagen,,178,
Heber,Britwell,1834,166,334
Lefferts,Hagen,1902,168,210
Ashburnham,Ross Winans,1897,173,1052
B.H. Bright,T.D.C. Graham,1845,167,2980
Jones,Chew,1918,171,311
Halsey,Huntington,,171,
Humphry Primatt,Halsey,,171,
George Steevens,Heber,1800,166,793
Van Antwerp,Jones,1907,167,27
Locker,Van Antwerp,,167,
Narcissus Luttrell,George Steevens,,166,
T.D.C. Graham,Locker,,167,
Huntington,Jones,1918,171,96
Britwell,Clawson,1921,166,95
H.V.Jones,Clawson,1923,180,47
Huntington,Jones,,187,
Devonshire,Collier,,181,
William Fellowes,Peter Le Neve,,183,
H.Mordaunt [?2nd Earl of Peterborough],William Fellowes,,183,
Huth,Hagen,1912,184,1590
Kemble,Devonshire,,182,
Devonshire,Huntington,,182,
Marsden J. Perry,H.V.Jones,,180,
"Charles Bruce, Viscount Ampthill",Van Antwerp,1919,183,125
Peter Le Neve,"Charles Bruce, Viscount Ampthill",1731,183,
Corser,Huth,1868,184,516
Lefferts,Poor,1902,185,239
Jo. Searlleith,H.Mordaunt [?2nd Earl of Peterborough],,183,
William Smyth,Jo. Searlleith,,183,
Collier,Locker,,181,
Devonshire,Huntington,,187,
Lefferts,Poor,1902,186,239
Kemble,Devonshire,,181,
Sotheby’s,Marsden J. Perry,1903,180,190
Poor,Huntington,1909,185,85
Huntington,Chew,1917,267,137
Britwell,Clawson,1922,264,201
,Pforzheimer,,,
Jones,Clawson,1918,271,467
Lefferts,Hoe,,262,
Huntington,Clawson,1918,261,183
Hoe,Huntington,1912,271,847
Jones,Clawson,1918,270,420
Rowfant,Pforzheimer,1922,269,556
Hoe,Huntington,1912,267,966
Bridgewater,Huntington,,270,
J. Fitchett Marsh,W.C. Hazlitt,1882,269,672
W.C. Hazlitt,Rowfant,,269,
Mostyn,Clawson,1919,268,89
Huntington,Jones,1918,271,207
Bridgewater,Huntington,,261,
Hoe,Huntington,1912,262,958
Huntington,Jones,1918,270,195
John Fitchett of Warrington,J. Fitchett Marsh,1838,269,
Pigott,Britwell,1847,272,100
Holgate,Britwell,1846,382-1,337
"Charles, Viscount Bruce of Ampthillt",Marquis of Ailesbury,,377,
Hagen,Clawson,1918,381,536
Crawford,White,1891,386,1277
Steevens,Crawford,1800,386,861
Locker,Hagen,,374,
Locker,Hagen,,383,
Jolley,Holgate,1843,382-1,1478
Lamport Hall,Britwell,,385,
Huth,C.L.F. Robinson,1913,384,3022
Chew,Huntington,,382-2,
Marquis of Ailesbury,Clawson,1919,377,219
Huntington,English Literature from London,,382-2,
Leeds Papers,Alfred Morrison,,MS.143,
Leeds Papers,Alfred Morrison,,MS.139,
Leeds Papers,Alfred Morrison,,MS.145,
Leeds Papers,Alfred Morrison,,MS.147,
Leeds Papers,Alfred Morrison,,MS.148,
Pepys Papers,Alfred Morrison,,MS.152,
Leeds Papers,Alfred Morrison,,MS.146,
Pepys Papers,Alfred Morrison,,MS.153,
Leeds Papers,Alfred Morrison,,MS.144,
Kemble,Devonshire,1797,132,
Heber,Britwell,1834,130,271
G.D.Smith,Clawson,1920,131,46
Arbury,G.D.Smith,1920,131,52
Britwell,R.E. Gadthorne Hardy,1923,130,121
Devonshire,Huntington,,132,
Birket Foster,Wheeler,1894,127,49
Huth,Huntington,1913,134,2802
Bindley,Heber,1818,130,1379
S.W.H.Ireland,Henkels’s Shakespeare sale,1801,921,
Devonshire,Huntington,,918,
Kemble,Devonshire,1798,920,
Kemble,Devonshire,1798,918,
Kemble,Devonshire,1797,919,
Heber,Sewall,1834,927,5631
Sewall,Shakespeare Library,1897,927,3515
T.J.McKee,S.K. Wilson,1901,915,
Halliwell,T.J.McKee,1889,915,272
Devonshire,Huntington,,919,
Wolfreston,Huth,1856,929,231
Devonshire,Huntington,,920,
Mostyn,Clawson,1919,924,318
Grafton,Gossett,1811,607,50
Gossett,Heber,1813,607,4984
Heber,Britwell,1836,607,1075
Black,Britwell,1844,1078,3582
Heber,Britwell,1834,1065,2903
Devonshire,Huntington,,1075,
Huntington,Jones,1918,1075,872
Roxburghe,Heber,1812,1075,677
Jones,Clawson,1919,1075,1662
Bright,Corser,1845,1068,
Hoe,Huntington,1912,1072,3389
Chew,Huntington,,1070,
Mostyn,Clawson,1919,1074,356
Heber,Devonshire,1834,1075,6261
Mostyn,Clawson,1919,1073,354
Huth,Clawson,1920,1068,8063
Corser,Huth,1871,1068,635
Bindley,Bright,1819,204,1624
Lefferts,Chew,,45,
Lefferts,Hagen,1901,52,
Sir Samuel Egerton Brydges,Devonshire,1831,42,493
Devonshire,Huntington,,40,
Huntington,Jones,1918,45,14
Jones,Clawson,1918,45,80
Ames,Thos. Barret Brydges Barrett,,42,
Mostyn,Clawson,1919,47,112
Kemble,Devonshire,1797,40,
Chew,Huntington,,45,
Thos. Barret Brydges Barrett,Sir Samuel Egerton Brydges,,42,
Devonshire,Huntington,,42,
Huth,Clawson,1918,838,6443
Kemble,Devonshire,1798,835,
Halsey,Huntington,,840,
Mostyn,Clawson,1919,841,293
Devonshire,Huntington,,832,
Marshall,Hoe,1890,840,1147
Kemble,Devonshire,1798,836,
Devonshire,Huntington,,836,
Yarborough,Hoe,,828,
Kemble,Devonshire,,832,
Hoe,Halsey,,840,
Kemble,Devonshire,1797,831,
Devonshire,Huntington,,831,
Devonshire,Huntington,,835,
Arbury,G.D.Smith,1920,357,100
Tite,Lefferts,1874,359,1028
Huth,Jones,1912,348,2567
Shakespeare Library,Clawson,1918,351,476
Lefferts,Hagen,1902,359,546
Leeds Papers,Alfred Morrison,,MS.137,
Sotheby’s,Alfred Morrison,1882,MS.130,20
Young,Alfred Morrison,1869,MS.128,271
Leeds Papers,Alfred Morrison,,MS.138,
Percivall Beaumont,Richard Le Gallienne,,1022,
Ratcliffe,"Hugh, grd Earl of Marchmont",1776,1026,1214
Littledale,Holmes,1820,1025,827
"Marchmont’s grandson, Hugh Scott of Harden, later Lord Polwarth.",Van Antwerp,1909,1026,64
Ashburnham,Winans,,1025,
"Hugh, grd Earl of Marchmont",Rt. Hon. Sir George Rose,,1026,
West,Ratcliffe,1773,1026,1190
Holmes,Ashburnham,1841,1025,1373
Hagen,Sotheby’s,1918,1028,1347
Lefferts,Hagen,1902,1020,1393
Lefferts,Hagen,1902,1021,1334
Rt. Hon. Sir George Rose,"Marchmont’s grandson, Hugh Scott of Harden, later Lord Polwarth.",,1026,
Halliwell Phillipps,Corser,,965,
Baron Bolland,Utterson,1840,965,2150
Stradling,Hoe,1901|1306,963,
Charles Lilburn,Hagen,,967,
Halsey,Huntington,,968,
Griswold,Purdy,,969,
Utterson,Halliwell Phillipps,1852,965,1721
Corser,Thomas Brooke,1870,965,807
Huntington,Hagen,,963,
Hoe,Huntington,1911,963,3124
Steevens,Tite,,890,
Gaisford,Britwell,1890,890,1739
Devonshire,Huntington,,900,
N.Q. Pope,Hoe,1895,895,
Wolfreston,Tite,1856,896,353
Tite,Crawford,1874,890,2760
Gaisford,Britwell,1890,891,1740
J. Dunn Gardner,Tite,1854,888,2195
Hoe,Clawson,1911,895,2974
Church,Huntington,,888,
Locker,Church,,888,
Tite,Britwell,1874,896,2775
Huntington,Clawson,1918,900,442
Crawford,Gaisford,1876,890,1034
Arbury,G.D.Smith,1920,899,297
Lord Vernon,Clawson,1918,887,466
Tite,Locker,1874,888,2752
J.E.Hodgkin,Thorn Drury,1914,MS.2k,216
Herber,Corser,1836,22,62
Hagen,Clawson,1918,22,18
Lefferts,Hagen,1902,15,18
Sotheby’s,Hagen,1900,12,
R.H. Turner,Lefferts,1888,22,265
Hoe,Jones,,14,
Ashburnham,Lefferts,1897,17,164
Lefferts,Hagen,1902,17,21
Hoe,Huntington,1912,11,
Lefferts,Hagen,1902,22,22
Cornelius Paine,Lefferts,1891,15,268
Herber,Cornelius Paine,,15,
Osterley Park,Hoe,1885,14,99
Joseph Hunter,B.H. Bright,,21,
Corser,R.H. Turner,1868,22,145
Huntington,Clawson,,11,
Huth,Clawson,1918,990,7097
Bridgewater,Huntington,,1001,
Devonshire,Huntington,,1003,
Roxburghe,Kemble,1812,1003,5943
Thomas Lloyd,Britwell,1840,988,470
Utterson,Huth,1857,991,1607
Devonshire,Huntington,,999,
Kemble,Devonshire,1814,1003,
George Daniel,Huth,,992,
Kemble,Devonshire,1798,999,
Huth,Clawson,1918,992,7099
Huntington,English Literature from London,,1001,
Lefferts,Hagen,1901,782,62
Britwell,Clawson,1920,784,133
Stanley,Sykes,1813,783,669
Jones,Clawson,1919,792,1288
Britwell,Clawson,1920,783,133
Heber,Britwell,1835,783,2761
Heber,Britwell,1835,784,2761
Park,B.A.P.No.554,,786,
Wright,Steevens,1787,792,1873
Sykes,Heber,1824,783,134
R-H.Inglis,Thorn Drury,1889,787,440
Heber,Britwell,1834,786,1725
Devonshire,Huntington,,792,
Huntington,Jones,1918,792,648
Roxburghe,Holgate,1812,790,4054
Holgate,Britwell,1846,790,633
Mostyn,Clawson,1919,789,271
B.A.P.No.554,Heber,,786,
Roxburghe,Heber,1812,792,5605
Huth,Jones,1917,791,5674
Steevens,Roxburghe,1800,792,1259
Heber,Devonshire,1834,792,4394
Heber,Britwell,1835,502,3179
W.W.E. Wynne,Ashburnham,,494,
Bridgewater,Bindley,,502,
Thomas Brooke,Lady Brooke,,494,
Ashburnham,Thomas Brooke,1897,494,1984
J.C. Williams,J-T.Snyder,1929,494,671
Lady Brooke,J.C. Williams,1913,494,304
Willet,Devonshire,1813,489,1195
West,Willet,1773,489,4091
Bindley,Heber,1818,502,2042
Edmund Ferrers,Hagen,,491,
Devonshire,Huntington,,489,
Steeves,Jones,1916,465,255
H.W. Poor,Huntington,1908,464,564
Sykes,Pittar,1824,472,1500
Huth,Jones,1913,469,3636
C.C.Jones Jr.,C.L.F. Robinson,,461,
Tyssen,Heber,1801,460,1210
Heber,Britwell,1835,460,2180
Arnold,D.F. Appleton,1901,464,159
Hibbert,J. Dunn Gardner,1829,469,3916
J. Dunn Gardner,Huth,1854,469,1060
Sykes,Hibbert,1824,469,203
John Vincent,Ralph Sheldon,1670,460,
Lefferts,Hagen,1902,468,727
Pittar,Clawson,1918,472,321
Bridgewater,Huntington,,473,
Huntington,Clawson,1918,473,420
D.F. Appleton,H.W. Poor,1903,464,250
Ralph Sheldon,Tyssen,1781,460,
Lefferts,Huntington,1902,470,730
John Tudor Frere,Lefferts,1896,468,373
Pembroke,Clawson,1920,471,232
Bowle,Chalmers,1790,946,10004
Corser,Huth,1870,946,742
White Knights,Perry,1819,952,1522
Steevens,Roxburghe,1800,952,849
Huntington,Clawson,,945,
Sykes,Britwell,1824,952,1007
Lefferts,Hoe,1902,955,1254
Roxburghe,White Knights,1812,952,3320
Hoe,Jones,1912,955,2972
Sykes,Heber,1824,947,363
Hoe,Huntington,1911,945,3080
Chalmers,Corser,1842,946,567
Chew,Huntington,,950,
Heber,Britwell,1834,947,2359
Perry,Sykes,1822,952,362
Ashburnham,Hoe,1898,945,3424
Gaisford,Adams,1890,948,1787
Thorn Drury,Steevens,1932,MS.2dd,2395
Henry Porter,Alfred Morrison,1879,MS.11C,104
Upcott,Alfred Morrison,1846,MS.35I,429
Dawson Turner,Alfred Morrison,1859,MS.35O,679
Pepys Papers,Alfred Morrison,,MS.35N,
William Upcott,Alfred Morrison,1846,MS.35P,421
Church,Huntington,,537,
Huntington,Jones,1918,540,460
Bridgewater,Huntington,,534,
Huntington,Jones,,534,
Hoe,Huntington,1912,540,1803
Corser,Huth,1870,536,4371
Jones,Clawson,1919,540,951
Locker,Hoe,,540,
Lenox ,Church,,537,
Lefferts,Hagen,,293,
Hagen,Clawson,1918,294,356
Hagen,Clawson,1918,293,360
Hoe,Huntington,1912,291,1049
Sotheby’s,Hagen,1897,296,382
Lefferts,Hoe,1902,291,404
William Collet of the Hale,Clawson,,300,
Hoe,Huntington,1912,290,1047
Hagen,Clawson,1918,299,359
Wiper,Leffe,1891,295,506
Leffe,Hagen,,295,
Hoe,Huntington,1912,314,972
Britwell,Clawson,1922,303,243
Heber,Britwell,1834,303,594
McKee,Hagen,1gor,307,2882
George Soaper,Beverly Chew,,305,
Bindley,Heber,1820,303,163
Beverly Chew,Huntington,,305,
Huntington,Hagen,1917,305,154
Hoe,Hagen,1912,306,1039
Lamport Hall,Britwell,,802,
"Charles Bruce, Viscount Ampthill",Sotheby’s,1919,796,256
Sotheby’s,Alfred Morrison,1881,MS.105D,21
Bindley,Heber,1819,794,1002
Sotheby’s,P.M.Barnard,1919,796,121
Britwell,Clawson,1920,794,243
Heber,Britwell,1835,794,2794
Sotheby’s,Alfred Morrison,1881,MS.105G,20
Farmer,Ross Winans,1798,798,7247
Halsey,Huntington,,235,
Hodgson’s,Anderson’s,1917,243,189
Lefferts,Halsey,1902,235,287
Jones,Clawson,1923,243,65
Anderson’s,Jones,1919,243,243
Mavor,Bliss,,5,
Huntington,Clawson,,7,
Corser,Kershaw,1870,1,Lot 825
Kershaw,Huth,1877,1,Lot 1387
Herber,Britwell,1834,2,
W.A.H. Martin,Britwell,1888,6,
Hoe,Huntington,,7,
Corser,Huth,1870,5,
Bliss,Corser,1858,5,
Britwell,Jones,1919,429,35
Heber,Freeling,1834,429,795
Roxburghe,Frederick Perkins,1812,422,3241
Jeffreys,Macro,,416,
Mr. Mark Cephas Tutet,J.B.Inglis,,417,
J.B.Inglis,B.H. Bright,1826,417,1498
ordonstoun,J.D.Gardner,,428,
Jones,Clawson,1918,425,693
Britwell,Clawson,1919,428,51
Macro,Heber,,416,
Hoe,Huntington,1912,423,1925
Henkels Miscellany,Clawson,1919,430,166
B.H. Bright,Corser,1845,417,5758
Britwell,Clawson,1921,416,161
Jones,Clawson,1923,429,91
Bridgewater,Huntington,,427,
Freeling,Corser,1836,425,1254
McKee,Jones,1901,425,2949
Richard Bennett,Ross Winans,1898,421,
Hoe,Huntington,1911,424,1537
Devonshire,Huntington,,418,
Kemble,Devonshire,1798,418,
Frederick Perkins,Hagen,1889,422,864
Alexander Young,Henkels Miscellany,1890,430,354
Britwell,Clawson,1922,417,685
J.D.Gardner,Britwell,1854,428,855
Archbishop Wrangham,Britwell,1843,426,1093
Heber,Britwell,1836,416,3039
Corser,Britwell,1871,417,373
Freeling,Britwell,1836,429,1250
Corser,McKee,1869,425,416
William Morris,Richard Bennett,,421,
Bridgewater,Huntington,,344,
Shakespeare Library,Jones,1918,710,622
Pearson,Viscount Birkenhead,1914,708,378
Ross Winans,Hagen,,707,
I.Baker Holroyd,Hagen,1907,717,455
Hagen,Clawson,1918,718,809
Huntington,Jones,1918,344,595
Reed,Heber,1807,1047,7208
Bridgewater,Huntington,,1034,
Halsey,Huntington,,1044,
Heber,Forman,1834,1047,2855
Devonshire,Huntington,,550,
Holgate,Britwell,1846,551,457
Huntington,English Literature from London,,554,
Jones,Clawson,1919,544,953
Mostyn,Clawson,1919,547,177
Britwell,Clawson,1921,551,112
Kemble,Devonshire,,554,
Locker,Hoe,,546,
Huntington,Chew,1917,546,238
Kemble,Devonshire,1809,543,
Kershaw,Jones,1877,545,774
Jones,Clawson,1919,550,956
R-H.Inglis,McKee,1889,557,
Huntington,Jones,1918,544,462
Devonshire,Huntington,,549,
Roxburghe,Kemble,1812,549,5222
Bridgewater,Devonshire,1802,550,129
Huntington,Jones,1918,550,467
Bridgewater,Huntington,,544,
Kemble,Devonshire,1814,549,
Devonshire,Huntington,,543,
Fillingham,Kemble,1805,543,341
Hoe,Huntington,1911,546,1900
Devonshire,Huntington,,554,
Jolley,Holgate,1844,551,826
McKee,W.A. White,1991,557,2441
Lefferts,Chew,1902,107,150
Holgate,Lefferts,1846,107,85
Herber,Britwell,1804,86-104,2476
Bridgewater,Huntington,,108,
Huntington,Clawson,1918,108,52
Chew,Huntington,,107,
Devonshire,Huntington,,85,
Hoe,Hagen,1912,79,549
Kemble,Devonshire,1798,80,
Kemble,Devonshire,1800,85,
Lamport Hall,Britwell,1893,83,
Devonshire,Huntington,,80,
Huntington,Jones,,634,
Hagen,Clawson,1918,639,778
G.Walter Steeves,Jones,,641,
Charlemont,Huth,1860,632,67
Heber,Corser,1834,636,1979
Devonshire,Huntington,,638,
Jones,Clawson,1923,634,121
Winans,Hagen,,639,
Bridgewater,Huntington,,643,
Bridgewater,Huntington,,644,
Knight,Tite,1847,631,639
Kemble,Devonshire,,634,
Kemble,Devonshire,1804,637,
Roxburghe,Heber,1812,636,5351
Britwell,Clawson,1921,636,153
Huntington,Jones,1918,644,314
Devonshire,Huntington,,634,
Devonshire,Huntington,,637,
Holgate,Britwell,1845,633,
Lefferts,Hagen,1902,635,852
Kemble,Devonshire,1797,638,
Tite,Arnold,1874,631,1911
Arnold,Hagen,1901,631,263
Lefferts,Winans,1901,639,
Huntington,Clawson,1918,643,534
Charles II,Charlemont,,632,
Huth,Clawson,1920,632,8270
Corser,Britwell,1871,636,214
Bridgewater,Huntington,,647,
Holgate,Kershaw,1846,656,
Inglis,Holgate,1826,656,64
Locker,W.A. White,,654,
John Burleigh James,Locker,,654,
Rowfant,W.A. White,,655,
Huth,Jones,1916,656,4742
Halsey,Huntington,,646,
Bridgewater,Sotheby’s,,659,
Hibbert,Britwell,1829,648,6255
Farmer,Hibbert,1798,648,6152
Sotheby’s,W.A. White,1893,659,244
H. Barrett Lennard,W.A. White,,657,
Kershaw,Huth,1877,656,
Bright,Britwell,1845,861,4531
Rhodes,Britwell,1834,862,2412
Saunders,Britwell,,864,
Rev.Henry White,Saunders,1824,864,12587
Bridgewater,Huntington,,858,
Devonshire,Huntington,,865,
Hoe,Huntington,1911,870,2961
Poor,Huntington,1909,859,927
John Tomlinson,Lefferts,,859,
Ashburnham,J.T. Adams,1898,855,3337
Lefferts,Poor,1902,859,1179
Huntington,Clawson,1918,701,335
Mostyn,Clawson,1919,706,232
Huntington,Clawson,1918,700,333
Mostyn,Clawson,1919,704,230
Mostyn,Clawson,1919,692,234
Huntington,Clawson,1918,697,334
Halsey,Huntington,1904,700,
Bridgewater,Huntington,,701,
Dent,Britwell,1827,705,1143
Hoe,Hagen,1912,696-1,2195
Kemble,Devonshire,,698,
Wright,Kemble,1787,696-2,1850
Jones,Clawson,1923,693,136
Mostyn,Clawson,1919,694,231
Hoe,Huntington,1912,697,309
Devonshire,Huntington,,698,
Wright,Kemble,1787,698,1850
Mostyn,Clawson,1919,703,241
Devonshire,Huntington,,696-2,
Kemble,Devonshire,1798,696-2,
Bridgewater,Huntington,,695,
Huntington,Clawson,1918,695,583
Pepys Papers,Alfred Morrison,,MS.41a,
Sotheby’s,Alfred Morrison,1882,MS.103a,4
Pepys Papers,Alfred Morrison,,MS.41b,
Sotheby’s,Alfred Morrison,1882,MS.104a,12
Blandford,Britwell,1819,App.2,Lot 1151
Britwell,Aldenham,1854,App.5,Lot 241
Alexander Dalrymple,Heber,1809,App.9,
Heber,Lowther Castle,1835,App.9,Lot 2808
Utterson,Britwell,1852,App.5,Lot 1137
Gaisford,Aldenham,1890,App.3,Lot 1367
Chalmers,Utterson,1842,App.5,Lot  1484
John Baynes,Richard Gough,,595,
Richard Gough,Heber,1810,595,2236
Heber,Britwell,1834,595,1391
Pembroke,Huntington,1914,594,125
Huth,Cox,1911,57,805
Cox,Clawson,1923,57,14312
Bishop Daly,Bishop Gott,1858,63,168
Forman,Jones,1920,67,780
Bishop White Kennett,George Stokes,,67,
George Stokes,Forman,,67,
Jones,Clawson,1923,67,174
Bishop Gott,Hagen,1908,63,23
Duke of Leeds,Hagen,1896,54,170
Kemble,Devonshire,1814,121,
William Cowan,P.M.Pittar,1908,114,446
P.M.Pittar,Sotheby’s,1918,114,174
Roxburghe,Kemble,1812,121,4542
Devonshire,Huntington,,121,
R.S.Turner,William Cowan,1888,114,734
Jones,Clawson,1923,223,53
Winans,Jones,,227,
Herber,Britwell,1835,219,996
Bridgewater,Huntington,,226,
Huntington,Jones,1918,226,89
Huth,Clawson,1912,228,1837
Huntington,Clawson,1918,229,156
McKee,Winans,1901,227,2837
Jones,Clawson,1918,227,374
Britwell,Clawson,1919,219,181
Fountaine,Jones,1902,223,157
Hoe,Huntington,1911,229,894
Halsey,Huntington,,222,
Jeffreys,Macro,,414,
Huth,Clawson,1918,414,6631
Earl of Essex,Nassau,,405,
Arbury,Clawson,1920,415,131
Duke of Sussex,Bierstadt,,412,
Wolfreston,Britwell,1856,407,77
Freeling,Corser,1836,413,2084
Jones,Clawson,1919,413,1470
Hoe,Huntington,1912,408,1416
Bridgewater,Huntington,,411,
Macro,Heber,,414,
Nassau,Jadis,1824,405,1694
Roxburghe,Hoe,1812,408,4982
Corser,Huth,1869,413,604
Caldecott,Britwell,1833,404,432
Heber,Corser,1836,414,3405
Corser,Huth,1870,414,291
Huth,Jones,1918,413,6880
Jadis,Britwell,1828,405,141
Locker,Hoe,,475,
Chew,Huntington,,474,
Hoe,Huntington,1912,481,718
Kemble,Devonshire,1798,476,
Tite,Huth,1874,483,1412
Kemble,Devonshire,1798,485,
Huntington,Chew,1917,486,218
Kemble,Devonshire,1798,488,
Jones,Clawson,1919,487,890
Bridgewater,Huntington,,484,
Jones,Clawson,1923,483,102
Wolfreston,Tite,1856,483,285
Huntington,Jones,,483,
Devonshire,Huntington,,485,
Huth,Huntington,1913,483,3643
Hoe,Huntington,1912,475,1492
Huntington,English Literature from London,,488,
Huntington,English Literature from London,,476,
Devonshire,Huntington,,476,
Arbury,Clawson,1921,480,169
Chew,Huntington,,487,
Huntington,Clawson,1918,484,253
Huntington,English Literature from London,,485,
Crawford,Chew,,486,
Chew,Huntington,,486,
Devonshire,Huntington,,488,
Huntington,Jones,1918,487,431
Locker,Church estate sale,,1010,
Hoe,Huntington,1912,1017.,3275
Jolley,Hoe,1844,1004,1085
Kemble,Devonshire,1798,1005,
Lefferts,Hagen,1902,1006,1310
Heber,Christie-Miller,1835,1011,3659
Ouvry,Locker,1882,1010,1568
Lefferts,Hagen,1902,1018,1331
Chalmers,Britwell,,1007,
Hoe,Huntington,1912,1004,3146
Kemble,Devonshire,1797,1009,
Hoe,Jones,1912,1014,3256
Bridgewater,Huntington,,1016,
Devonshire,Huntington,,1009,
Church estate sale,Huntington,1916,1010,1137
Devonshire,Huntington,,1005,
Hoe,W.K.Bixby,1911,880,2928
Corser,Fountaine,1871,883,404
Poor,Huntington,1909,879,934
R.S.Turner,N.Q. Pope,1888,880,2427
N.Q. Pope,Hoe,1895,880,
Kinnearf,Lord Brougham,1835,884,1964
Kinnearf,Corser,1835,883,1966
Lord Brougham,J. Fitchett Marsh,,884,
Pittar,Clawson,1918,881,587
Pittar,Clawson,1918,885,586
Ouvry,Poor,1882,879,1322
Fountaine,Britwell,1893,883,447
Jadis,Kinnearf,1828,883,165
"Edward Copleston, Bishop of Llandaff",Dillon,1850,MS 108,
Dillon,Alfred Morrison,1869,MS 108,
Dillon,Alfred Morrison,1869,819,488
Upcott,Dillon,1846,MS 112,
Dillon,Alfred Morrison,1869,MS 112,
Heber,Huth,1835,849,3305
Lord Auckland,Hagen,,844,
Royal Society,Arnold,1873,842,
Hagen,Shakespeare Library,1918,844,1037
Britwell,Seth Terry,1922,850,601
Charles Lilburn,Hagen,,852,
F.P. Hodges,Charles Lilburn,,852,
Arnold,Hagen,1901,842,295
Kershaw,Huth,1877,144,249
Baron Bolland,Sewall,1840,143,
Sewall,White,1896,143,692
he Henry Chandos Pole Gell,Jones,1904,137,74
Perkins,Sotheby’s,1889,142,408
Huth,W.A. White,1912,147,1475
Wolfreston,Forman,1856,146,240
Hoe,Huntington,1912,139,2387
Pembroke,Huntington,1914,141,50
British Museum,Baron Bolland,1788,143,
Bridgewater,Huntington,,138,
Halsey,Huntington,,135,
Bridgewater,Heber,,142,
Sotheby’s,W.A. White,1893,142,55
Heber,Perkins,1834,142,1192
J.G. Rebow,C.G Milnes Gaskell,,1056,
Lefferts,Hagen,1902,1054,471
Heber,Lefferts,1834,1055,6331
Holgate,Britwell,1846,1060,1020
Heber,Britwell,1836,1064,2946
Lefferts,Hagen,1902,1055,1382
Daniel,Huth,1864,1059,1739
Huth,Clawson,1919,1059,7917
McKee,Chew,1901,1062,3226
James Wylie Guild,Bierstadt,,1054,
Heber,Britwell,1836,1064,2946
Fillingham,Heber,1805,1064,489
Bierstadt,Lefferts,1897,1054,2281
Fillingham,Heber,1805,1064,489
Chew,Huntington,,1062,
William Bayntun of Gray’s Inn,Heber,1787,1055,
Pepys Papers,Alfred Morrison,,MS.121,
Pepys Papers,Alfred Morrison,,MS.104c,
Pepys Papers,Alfred Morrison,,MS.122,
Samuel Prince,Huth,,74,
Benoit le Court,E.Ph.Goldschmidt,,75,
Huth,Cox,1912,71,793
Hagen,Clawson,1918,73,741
Huth,Cox,1911,74,800
Cox,Leo,1920,71,2394
Cox,Leo,1920,72,2394
Huntington,Jones,,68,
Webster,Hoe,1893,68,731
Hoe,Huntington,1912,68,3218
Lefferts,Hagen,1902,1098,1447
Bridgewater,Huntington,,1105,
Lefferts,Hagen,1902,1103,1448
Bridgewater,Huntington,,1104,
Lefferts,Hagen,1902,1100,1450
Pepys Papers,Alfred Morrison,,MS.1a,
Kemble,Devonshire,1792,1096,
Mostyn,Clawson,1919,1095,359
Lefferts,Hagen,1902,1099,1449
Lefferts,Hagen,1902,1102,1451
Devonshire,Huntington,,1096,
Fountaine,Jones,1902,1101,938
Arbury,Smith,1920,1094,33
Huntington,English Literature from London,,450,
Chew,Huntington,,450,
Britwell,Clawson,1923,446,337
Joseph Lilly,Huth,1860,452,
Roxburghe,J.M.Rice,1812,455,3270
Pearson,George Mason,1788,455,2147
George Mason,Roxburghe,1799,455,275
J.M.Rice,Britwell,1834,455,806
Chalmers,Britwell,1842,451,180
A.H.Joline,Mark P. Robinson,,447,
Britwell,Jones,1919,451,4
Britwell,Sotheby’s,1925,449A,353
E.M.Cox,Clawson,,452,2845
Huth,E.M.Cox,1913,452,3508
Poor,Huntington,1908,449,536
Harding and Lepard,Britwell,1838,446,
Heber,Holgate,1834,761-1,4100
Jones,Clawson,1919,766,1246
Devonshire,Huntington,,759,
Corser,Britwell,1870,765,564
Kemble,Devonshire,1797,759,
Holgate,Knight,1846,761-1,290
Kemble,Devonshire,1797,756,
Heber,Corser,1834,765,4105
Huntington,Jones,1918,752,351
Jones,Clawson,1923,762,138
Devonshire,Huntington,,756,
Bridgewater,Huntington,,752,
Lamport Hall,Britwell,,763,
Huntington,Jones,1917,766,307
Hoe,Huntington,1912,766,2528
Britwell,Jones,1919,762,64
Heber,Britwell,1836,762,1786
Kemble,Devonshire,1797,753,
Devonshire,Huntington,,753,
Devonshire,Huntington,,685,
Devonshire,Huntington,,684,
Kemble,Devonshire,1797,684,
Hoe,Huntington,1912,688,2220
Jadis,Britwell,1828,689,51
Hibbert,Britwell,1829,690,325
Hagen,Clawson,1918,686,759
Kemble,Devonshire,1797,685,
Mostyn,Chew,1919,681,218
Huntington,Clawson,1918,678,322
Kemble,Devonshire,1798,687,
Devonshire,Huntington,,687,
Bridgewater,Huntington,,678,
C.B.Foote,Hagen,1895,627,191
Sotheby’s,J.T. Adams,,619,
Lamport Hall,Britwell,,617,
Jolley,Britwell,1844,616,655
Devonshire,Huntington,,624,
Kemble,Devonshire,1798,624,
Britwell,Clawson,1921,616,145
British Museum,Edwin Freshfield,1787,622,
Kemble,Devonshire,1798,628,
Devonshire,Huntington,,628,
Richard Wright,Kemble,1787,624,1657
Marsden J. Perry,Jones,,623,
Jones,Clawson,1923,623,114
Hoe,Chew,1912,1089,3281
Hoe,Vickery,1912,1087,3280
James Crossley,Chew,,1081,
Chew,Huntington,,1092,
Narcissus Luttrell,Farmer,,1081,
Bindley,Heber,1820,1081,408
Bridgewater,Huntington,,1088,
Heber,Britwell,1834,1084,2936
Heber,Britwell,1834,1083,2936
W.T. Wallace,Clawson,1920,1080,1542
Jones,Clawson,1919,1085,1668
Heber,Sir Mark Dalrymple,1834,1081,3027
Farmer,Bindley,1798,1081,7377
John Scott,Hoe,1905,1087,886
Hoe,Chew,1912,1091-1,3283
Chew,Huntington,,1081,
Sir William Tite,Alfred Morrison,1870,MS. 1c,3532
Sotheby’s,Alfred Morrison,1890,MS.1p,41
Pepys Papers,Alfred Morrison,,MS.1q,
Fairfax Papers,Alfred Morrison,1852,MS.1m,1287
John Young,Alfred Morrison,1869,MS.1f,67
Fairfax Papers,Alfred Morrison,1852,MS.1l,1282
John Young,Alfred Morrison,1869,MS.1e,66
William Upcott,John Young,1846,MS.1e,432
Heber,Cole,1834,732,1568
Corser,Huth,1870,730,516
Pembroke,Huntington,1914,729,140
Huntington,Jones,1917,731,285
Shipperdson,Chew,,735,
Lefferts,Hagen,1902,723,957
Cole,Britwell,1837,732,
Heber,Britwell,1836,734,1542
Heber,Britwell,1834,733,1570
Heber,Britwell,1834,736,1573
Chew,Huntington,,735,
Hoe,C.L.F. Robinson,1912,727,2268
Huth,Ross Winans,1916,730,s01§
Major Thomas Pearson,Heber,1788,733,
Lefferts,Hagen,1902,340,491
Hoe,Huntington,1912,341,1145
Beckford,Hoe,1882,341,2675
Lefferts,Hagen,1902,330,474
Chew,Huntington,,337,
Huth,Hagen,1912,338,2513
Midgeley|Midgeley,Chalmers,1818,979,
Park,Midgeley|Midgeley,1815,979,344
Nassau,Heber,1824,MS.116,1141
Heber,Britwell,1834,975,2636
Hoe,Hagen,1912,977,3121
Heber,Britwell,1834,981,2543
Mostyn,Clawson,1919,987,326
Heber,Britwell,1834,MS.116,2632
Roxburghe,Sykes,1812,975,3329
Chalmers,Britwell,1842,979,1115
Heber,Britwell,1834,982,2721
Farmer,Reed,,981,
Sykes,Heber,1824,975,509
Reed,Heber,1807,981,7673
Roxburghe,Heber,1812,435,6654
J[ohn?]. Baynest,Joseph Ritson,,440,
Lamport,Britwell,,444,
Hanmer ~ Bunbury,Shakespeare Library,1896,442,s42
Hibbert,Bright,1829,440,3577
Midgely,Hibbert,1818,440,294
Steevens,Roxburghe,1800,435,882
Henry St. John Mildmay,Clawson,1907,433,229
Britwell,Clawson,1922,431,333
Freeling,Britwell,1836,432,1279
Freeling,Britwell,1836,435,1267
Britwell,Clawson,1919,435,45
Heber,Freeling,1834,435,934
Joseph Ritson,Hill,1803,440,426
Britwell,Clawson,1923,440,329
Mostyn,Clawson,1919,434,139
Luttrell,J[ohn?]. Baynest,1786,440,23
Mostyn,Clawson,1919,439,141
Britwell,Clawson,1923,432,322
Sykes,Freeling,1824,432,1340
Arbury,G.D.Smith,1920,437,45
Utterson,Britwell,1852,436,800
Bright,Britwell,1845,440,1542
Hill,Midgely,,440,315
Freeling,Britwell,1836,431,1260
Pickering,Huth,,391,
Bridgewater,Huntington,,392,
Roxburghe,Heber,1812,396,294
Heber,Britwell,1834,399,771
Steevens,Forster,1800,399,869
Mallet,Steevens,1766,399,795
Hibbert,Britwell,1829,398,6126
M.J.Perry,Jones,,388,
Bridgewater,Huntington,,395,
Browsholme,Eshton Hall,,390,
Eshton Hall,Huntington,1916,390,269
Huth,Cox,1913,391,3088
Heber,Britwell,1834,396,3221
Mostyn,Clawson,1919,397,124
Forster,Heber,1806,399,919
Jones,Clawson,1923,388,82
Huntington,Jones,,395,
Frederick Perkins,McKee,1889,372-2,748
Devonshire,Huntington,,362A,
Mostyn,Clawson,1919,364,108
Kemble,Devonshire,1798,365,
Halsey,Huntington,,370,
Herber,Forster,,363,
Forster,Heber,1806,363,682
Arbury,G.D.Smith,1920,372-1,113
Hagen,Clawson,1918,371,527
Am. Art Assoc.,Seth Terry,1926,362,159
Devonshire,Huntington,,365,
Kemble,Devonshire,1798,367,
Mostyn,Clawson,1919,368,111
Heber,Britwell,1834,363,4918
Huntington,Hagen,1917,370,177
Bangs,Hagen,1901,372-2,76
Kemble,Devonshire,1801,360,
Devonshire,Huntington,,360,
Huth,Steeves,1913,366,2943
Hoe,Huntington,1912,362B,1133
Devonshire,Huntington,,367,
McKee,Bangs,1901,372-2,2367
Steeves,Clawson,1916,366,232
Corser,Huth,1871,371,68
Huth,Hagen,1913,371,2953
Kemble,Devonshire,1800,362A,
Lord Willoughby de Broket,Am. Art Assoc.,,362,
Sotheby’s,Britwell,1858,510,596
Huntington,English Literature from London,,504,
Heber,Britwell,1834,507,2563
J.M.Rice,Britwell,1834,508,950
Pinkerton,Heber,1812,507,85
English Literature from London,Clawson,1919,504,43a
Chew,Huntington,,504,
Gaisford,Chew,1890,504,935
Halsey,Huntington,,746,
Hibbert,Britwell,1829,747,5554
Fountaine,Clawson,1902,737,597
Church,Huntington,,739,
Col. Grant,Locker,,739,
Locker,Church,,739,
Caldecott,Britwell,1833,750,911
Huntington,Thomas Bell,1916,739,1098
Bridgewater,Huntington,,751,
Ross Winans,Jones,,743,
Bindley,Hibbert,1819,747,1787
Amsterdam sale,Alfred Morrison,1882,MS.156,165
Pepys Papers,Alfred Morrison,,MS.167,
Sotheby’s,Alfred Morrison,1881,MS.155,170
Thorn Drury,Steevens,1932,MS.2bb,2395
Selby,Thorn Drury,,216,
Sotheby’s,Selby,1902,216,429
Hagen,Clawson,1918,MS.10a,282
R.S.Turner,Sotheby’s,1888,217,7490
Poor,Huntington,1908,215,262
Lefferts,Poor,1902,215,262
Jones,Clawson,1923,664,127
Devonshire,Huntington,,666,
Kemble,Devonshire,1797,666,
Kemble,Devonshire,1797,663,
Arbury,G.D.Smith,1920,667,202
Huntington,Jones,,664,
Bridgewater,Huntington,,664,
Wright,Kemble,1787,663,1814
Devonshire,Huntington,,663,
Reginald Cholmondeley,W.A. White,1897,665,144
Mostyn,Clawson,1919,674,209
Kemble,Devonshire,,675,
Wright,Kemble,1787,666,1814
Fowle,Locker,,662,
Mostyn,Clawson,1919,673,208
Locker,W.A. White,,662,
Devonshire,Huntington,,675,
Devonshire,Huntington,,575,
Comerford,W.A. White,1881,576,2309
Kemble,Devonshire,1798,575,
Hoe,Hagen,1911,579,2304
Huth,Chew,1914,583,4264
Kemble,Devonshire,1798,574,
Devonshire,Huntington,,574,
William Upcott,John Dillon,,MS.35A,
Lady Evelyn,William Upcott,,MS.35A,
John Dillon,Alfred Morrison,1869,MS.35A,
Huntington,English Literature from London,,566,
Lefferts,Hoe,1902,565,811
Utterson,Corser,1852,567,994
Kemble,Devonshire,,566,
Kemble,Devonshire,,563,
Devonshire,Huntington,,558,
Huntington,English Literature from London,,563,
Corser,Huth,1870,567,377
Hoe,Chew,1912,565,1789
Devonshire,Huntington,,566,
Kemble,Devonshire,1798,558,
Devonshire,Huntington,,563,
Huth,Pforzheimer,1918,1,Lot 7090
English Literature from London,Pforzheimer,1919,1001,320a
Hoe,Pforzheimer,1912,1002,3092
Huntington,Pforzheimer,,1003,
Huntington,Pforzheimer,1918,1004,843
Huntington,Pforzheimer,,1005,
Hagen,Pforzheimer,1918,1006,1258
Britwell,Pforzheimer,1924,1007,762
Mark P. Robinson,Pforzheimer,1918,1008,226
Huntington,Pforzheimer,,1009,
Huntington,Pforzheimer,1918,1010,855
Christie-Miller,Pforzheimer,1924,1011,772
Heber,Pforzheimer,1835,1013,5939
Jones,Pforzheimer,1923,1014,192
Britwell,Pforzheimer,1924,1015,573
Huntington,Pforzheimer,1920,1016,321
Huntington,Pforzheimer,1918,1017.,858
Hagen,Pforzheimer,1918,1018,1341
Lefferts,Pforzheimer,1902,1019,1332
Hagen,Pforzheimer,1918,1019,1340
Hagen,Pforzheimer,1918,1020,1338
Hagen,Pforzheimer,1918,1021,1339
Richard Le Gallienne,Pforzheimer,,1022,
Winans,Pforzheimer,,1025,
Van Antwerp,Pforzheimer,1922,1026,5
Jones,Pforzheimer,1918,1027,506
Sotheby’s,Pforzheimer,1903,1028,
Hoe,Pforzheimer,1912,1029,3315
Huth,Pforzheimer,1920,1030,7847
Huth,Pforzheimer,1920,1031,7848
Forman,Pforzheimer,1920,1032,909
Forman,Pforzheimer,1920,1033,900
Huntington,Pforzheimer,,1034,
Forman,Pforzheimer,1920,1039,895
Forman,Pforzheimer,1920,1040,893
Forman,Pforzheimer,1920,1041,894
Forman,Pforzheimer,1920,1041A,897
Forman,Pforzheimer,1920,1042,902
Forman,Pforzheimer,1920,1043,896
Huntington,Pforzheimer,1918,1044,887
Forman,Pforzheimer,1920,1045,901
Britwell,Pforzheimer,1925,1046,651
Forman,Pforzheimer,1920,1047,910
J.H.Purdy,Pforzheimer,1917,105,78
Hagen,Pforzheimer,1918,1054,1365
Hagen,Pforzheimer,1918,1055,1367
C.G Milnes Gaskell,Pforzheimer,1924,1056,49
Huth,Pforzheimer,1920,1057,7911
Clawson,Pforzheimer,1926,1059,877
Shakespeare Library,Pforzheimer,1918,106,129
Britwell,Pforzheimer,1921,1060,319
Bridgewater,Pforzheimer,,1061,
Huntington,Pforzheimer,1918,1062,918
Clawson,Pforzheimer,1926,1063,891
Britwell,Pforzheimer,1924,1064,817
Britwell,Pforzheimer,1924,1064,
Britwell,Pforzheimer,1923,1065,712
Mostyn,Pforzheimer,1919,1067,350
Clawson,Pforzheimer,1926,1068,894
Britwell,Pforzheimer,1925,1069,31
Huntington,Pforzheimer,1919,107,148
Huntington,Pforzheimer,1918,1070,400
Huntington,Pforzheimer,1918,1072,925
Clawson,Pforzheimer,1926,1073,898
Clawson,Pforzheimer,1926,1074,899
Clawson,Pforzheimer,1926,1075,896
Mostyn,Pforzheimer,1919,1076,351
Huth,Pforzheimer,1918,1077,6929
Britwell,Pforzheimer,1924,1078,832
Ross Winans,Pforzheimer,,1079,
Clawson,Pforzheimer,1926,108,94
Clawson,Pforzheimer,1926,1080,916
Huntington,Pforzheimer,1918,1081,937
Sir Mark Dalrymple,Pforzheimer,1937,1081,438
Britwell,Pforzheimer,1924,1083,839
Britwell,Pforzheimer,1924,1084,839
Clawson,Pforzheimer,1926,1085,909
Hoe,Pforzheimer,1912,1086,3284
Vickery,Pforzheimer,1933,1087,162
Huntington,Pforzheimer,1918,1088,933
Chew,Pforzheimer,1924,1089,461
Chew,Pforzheimer,1924,1091-1,463
Forman,Pforzheimer,1920,1091-2,971
Huntington,Pforzheimer,1918,1092,932
Shakespeare Library,Pforzheimer,1918,1093,726
Smith,Pforzheimer,1920,1094,32A
Clawson,Pforzheimer,1926,1095,919
Huntington,Pforzheimer,,1096,
Hagen,Pforzheimer,1918,1098,1423
Hagen,Pforzheimer,1918,1099,1422
Clawson,Pforzheimer,1926,11,
Shakespeare Library,Pforzheimer,1918,110,135
Hagen,Pforzheimer,1918,1100,1421
Jones,Pforzheimer,1919,1101,1677
Hagen,Pforzheimer,1918,1102,1424
Hagen,Pforzheimer,1918,1103,1425
Huntington,Pforzheimer,1918,1104,630
Huntington,Pforzheimer,1918,1105,631-5
Mark P. Robinson,Pforzheimer,1918,111,106
Mark P. Robinson,Pforzheimer,1918,112,107
Jones,Pforzheimer,1918,113,245
Sotheby’s,Pforzheimer,1919,114,44
Halsey,Pforzheimer,,115,
Huntington,Pforzheimer,1918,115,76
Jones,Pforzheimer,1919,116,251
Jones,Pforzheimer,1919,117,249
Jones,Pforzheimer,1919,118,250
Hagen,Pforzheimer,1918,119,146
Hagen,Pforzheimer,1918,12,
Huntington,Pforzheimer,,121,
Britwell,Pforzheimer,1926,124,106
Shakespeare Library,Pforzheimer,1918,125,77
Wheeler,Pforzheimer,1919,127,181
Britwell,Pforzheimer,1926,128,108
R.E. Gadthorne Hardy,Pforzheimer,,130,
Clawson,Pforzheimer,1926,131,110
Huntington,Pforzheimer,,132,
Huntington,Pforzheimer,1918,134,291
Mostyn,Pforzheimer,1919,134,40
Huntington,Pforzheimer,1918,135,74
Shakespeare Library,Pforzheimer,1918,136,169
Jones,Pforzheimer,1918,137,288
Huntington,Pforzheimer,1918,138,422
Huntington,Pforzheimer,1918,139,423
Jones,Pforzheimer,1918,14,49
Mark P. Robinson,Pforzheimer,1918,140,158
Huntington,Pforzheimer,,141,
W.A. White,Pforzheimer,,142,
White,Pforzheimer,,143,
Huth,Pforzheimer,1918,144,6835
Huth,Pforzheimer,1912,145,1471
Forman,Pforzheimer,1920,146,161
W.A. White,Pforzheimer,,147,
Huntington,Pforzheimer,,148,
Jones,Pforzheimer,1918,149,308
Hagen,Pforzheimer,1918,15,17
Britwell,Pforzheimer,1922,150,133
English Literature from London,Pforzheimer,1919,150,169
White,Pforzheimer,,151,
Huth,Pforzheimer,1912,152,1472
J.T. Adams,Pforzheimer,1931,153,42
Mostyn,Pforzheimer,1919,154,49
W.A. White,Pforzheimer,,156,
Mark P. Robinson,Pforzheimer,1918,157,164
Clawson,Pforzheimer,1926,159,128
Clawson,Pforzheimer,1926,160,115
W.A. White,Pforzheimer,,161,
Britwell,Pforzheimer,1923,162,681
Mostyn,Pforzheimer,1919,163,50
W.A. White,Pforzheimer,,164,
Sotheby’s,Pforzheimer,1899,164,226
Clawson,Pforzheimer,1926,166,405
Clawson,Pforzheimer,1926,167,404
Hagen,Pforzheimer,1918,168,199
Lefferts,Pforzheimer,1901,169,
Hagen,Pforzheimer,1918,169,200
Hagen,Pforzheimer,1918,17,16
Chew,Pforzheimer,1924,171,71
Hodgson’s,Pforzheimer,1922,172,676
Ross Winans,Pforzheimer,,173,
Britwell,Pforzheimer,1926,175,128
Hagen,Pforzheimer,1918,176,218
English Literature from London,Pforzheimer,1919,177,178
Hagen,Pforzheimer,1918,178,219
Halsey,Pforzheimer,1919,179,241
Clawson,Pforzheimer,1926,180,137
Locker,Pforzheimer,,181,
Huntington,Pforzheimer,1918,182,103
Van Antwerp,Pforzheimer,1922,183,6
Hagen,Pforzheimer,1918,184,226
Huntington,Pforzheimer,1918,185,113
Poor,Pforzheimer,1909,186,88
Jones,Pforzheimer,1923,187,54
Shakespeare Library,Pforzheimer,1918,189,229
Emmet,Pforzheimer,1918,191,201
Sotheby’s,Pforzheimer,1929,192,117
Hagen,Pforzheimer,1918,194,273
Britwell,Pforzheimer,1927,196,486
Sotheby’s,Pforzheimer,1923,197,177
Hoe,Pforzheimer,1912,198,774
Forman,Pforzheimer,1920,199,198
Britwell,Pforzheimer,1922,2,
Hagen,Pforzheimer,1918,202,274
Hoe,Pforzheimer,1912,203,777
Bright,Pforzheimer,1845,204,2442
Hagen,Pforzheimer,1918,207,276
Hagen,Pforzheimer,1918,208,272
B.H. Bright,Pforzheimer,1845,21,
Jones,Pforzheimer,1918,214,365
Huntington,Pforzheimer,1917,215,109
Thorn Drury,Pforzheimer,1931,216,1673
Sotheby’s,Pforzheimer,1932,217,435
Clawson,Pforzheimer,1926,219,154
Clawson,Pforzheimer,1920,22,8
Jones,Pforzheimer,1918,220,371
Huntington,Pforzheimer,1918,222,146
Marsden J. Perry,Pforzheimer,,223,
Clawson,Pforzheimer,1926,223,158
English Literature from London,Pforzheimer,1919,224,218
Ed. W.Hennell|Walpole March,Pforzheimer,1920,225,88
Jones,Pforzheimer,1918,226,376
Clawson,Pforzheimer,1926,227,160
Clawson,Pforzheimer,1926,228,161
Clawson,Pforzheimer,1926,229,163
Huntington,Pforzheimer,1918,23,29
Lord Middleton at Wollaton Hall,Pforzheimer,1925,234,77
Huntington,Pforzheimer,1918,235,158
Shakespeare Library,Pforzheimer,1918,236,107
J.C. Williams,Pforzheimer,1929,237,1112
Britwell,Pforzheimer,1926,238,122
Hoe,Pforzheimer,1912,239,a
Huntington,Pforzheimer,1918,239,172
Clawson,Pforzheimer,1926,24,19
Locker,Pforzheimer,,240,
Hagen,Pforzheimer,1918,240,316
Britwell,Pforzheimer,1923,241,187
Clawson,Pforzheimer,1926,241,172
Dodd,Pforzheimer,1918,242,192
Clawson,Pforzheimer,1926,243,182
Clawson,Pforzheimer,1926,245,174
Clawson,Pforzheimer,1926,246,179
Halsey,Pforzheimer,1919,248,319
Halsey,Pforzheimer,1919,25,90
Shakespeare Library,Pforzheimer,1918,250,266
Huth,Pforzheimer,1912,251,2018
Shakespeare Library,Pforzheimer,1918,252,115
Forman,Pforzheimer,1920,253,215
C.L.F. Robinson,Pforzheimer,1917,255,203
Shakespeare Sale,Pforzheimer,1918,26,126
Hoe,Pforzheimer,1912,260,922
Clawson,Pforzheimer,1926,261,193
Huntington,Pforzheimer,1918,262,188
Huth,Pforzheimer,1912,263,2026
Clawson,Pforzheimer,1926,264,206
Chew,Pforzheimer,1924,267,119
Clawson,Pforzheimer,1926,268,217
Britwell,Pforzheimer,1924,27,38
Clawson,Pforzheimer,1926,270,218
Clawson,Pforzheimer,1926,271,229
Britwell,Pforzheimer,1922,272,218
Clawson,Pforzheimer,1918,273,238
Clawson,Pforzheimer,1926,274,230
H.B.Forman,Pforzheimer,1920,275,222
Jones,Pforzheimer,1918,276,471
Locker,Pforzheimer,,277,
Jones,Pforzheimer,1918,278,469
Locker,Pforzheimer,,279,
Jones,Pforzheimer,1918,28,61
Clawson,Pforzheimer,1926,280,233
Huntington,Pforzheimer,,281,
Huntington,Pforzheimer,,282,
Jones,Pforzheimer,1918,283,472
Hagen,Pforzheimer,1918,285,335
Huntington,Pforzheimer,1918,288,220
Hagen,Pforzheimer,1918,289,344
Jones,Pforzheimer,1918,29,62
Huntington,Pforzheimer,1918,290,224
Huntington,Pforzheimer,1918,291,225
Clawson,Pforzheimer,1926,292,252
Clawson,Pforzheimer,1926,293,247
Clawson,Pforzheimer,1926,294,243
Hagen,Pforzheimer,1918,295,371
Hagen,Pforzheimer,1918,296,361
Ayles- ford,Pforzheimer,1888,298,731
Clawson,Pforzheimer,1926,299,246
Walpole Galleries,Pforzheimer,1920,30,22
Clawson,Pforzheimer,1926,300,254
Jones,Pforzheimer,1918,301,513
Sotheby’s,Pforzheimer,1932,302,58
Clawson,Pforzheimer,1926,303,257
Ross Winans,Pforzheimer,,304,
Britwell,Pforzheimer,1921,304A,49
Hagen,Pforzheimer,1918,305,384
Hagen,Pforzheimer,1918,306,383
Hagen,Pforzheimer,1918,307,385
Locker,Pforzheimer,,308,
Chew,Pforzheimer,,308,
Huntington,Pforzheimer,1918,308,203
Mark P. Robinson,Pforzheimer,1918,31,55
H.B. Wheatley,Pforzheimer,1918,312,708
Hagen,Pforzheimer,1918,313,417
Huntington,Pforzheimer,1918,314,242
Hagen,Pforzheimer,1918,316,400
Dodd,Pforzheimer,1918,317,230
Hagen,Pforzheimer,1918,319,414
English Literature from London,Pforzheimer,1919,32,59a
Halsey,Pforzheimer,1919,320,379
Kemble,Pforzheimer,,322,
Devonshire,Pforzheimer,,322,
Huntington,Pforzheimer,1919,322,286
Huntington,Pforzheimer,1918,323,207
Huntington,Pforzheimer,1918,324,259
Hagen,Pforzheimer,1918,325,406
Hagen,Pforzheimer,1918,327,441
Hagen,Pforzheimer,1918,329,420
Mark P. Robinson,Pforzheimer,1918,33,59
Hagen,Pforzheimer,1918,330,409
Hagen,Pforzheimer,1918,331,427
Hagen,Pforzheimer,1918,333,413
Hagen,Pforzheimer,1918,334,419
Hagen,Pforzheimer,1918,335,401
Jones,Pforzheimer,1918,336,517
Huntington,Pforzheimer,1918,337,248
Hagen,Pforzheimer,1918,338,422
Shakespeare Library,Pforzheimer,1918,339,122
Shakespeare Library,Pforzheimer,1918,34,56
Hagen,Pforzheimer,1918,340,403
Huntington,Pforzheimer,1918,341,211
Sydney Herbert,Pforzheimer,1916,343,350
Sydney Herbert,Pforzheimer,1916,346,352
Jones,Pforzheimer,1916,348,192
Sydney Herbert,Pforzheimer,1916,349,351
Shakespeare Library,Pforzheimer,1918,35,16
H.W. Poor,Pforzheimer,1909,350,389
Clawson,Pforzheimer,1926,351,395
Huth,Pforzheimer,1916,352,4996
Shakespeare Library,Pforzheimer,1918,356,464
G.D.Smith,Pforzheimer,1920,357,33
Hagen,Pforzheimer,1918,358,9
Hagen,Pforzheimer,1918,359,487
Walpole,Pforzheimer,1920,36,20
Huntington,Pforzheimer,1918,360,241
Huntington,Pforzheimer,1918,361,282
Seth Terry,Pforzheimer,1935,362,75
Huntington,Pforzheimer,1918,362A,246
Huntington,Pforzheimer,1917,362B,172
Britwell,Pforzheimer,1924,363,679
Clawson,Pforzheimer,1926,364,279
Huntington,Pforzheimer,1918,365,257
Clawson,Pforzheimer,1926,366,283
Huntington,Pforzheimer,,367,
Clawson,Pforzheimer,1926,368,34
Shakespeare Library,Pforzheimer,1918,369,134
Dodd,Pforzheimer,1918,37,65
Hagen,Pforzheimer,1918,370,526
Clawson,Pforzheimer,1926,371,43
G.D.Smith,Pforzheimer,1920,372-1,117
Hagen,Pforzheimer,1918,372-2,529
Clawson,Pforzheimer,1926,373,38
Hagen,Pforzheimer,1918,374,33
Halsey,Pforzheimer,1919,375,418
Ross Winans,Pforzheimer,,376,
Clawson,Pforzheimer,1926,377,287
Charles George Milnes Gaskell,Pforzheimer,1924,378,34
Walpole Galleries,Pforzheimer,1920,380,147
Clawson,Pforzheimer,1926,381,294
Britwell,Pforzheimer,1923,382-1,287
English Literature from London,Pforzheimer,1919,382-2,333
Hagen,Pforzheimer,1918,383,535
C.L.F. Robinson,Pforzheimer,1917,384,261
Britwell,Pforzheimer,1923,385,295
White,Pforzheimer,1920,386,39
Clawson,Pforzheimer,1926,388,498
Sydney Herbert,Pforzheimer,1916,39,31
Huntington,Pforzheimer,1918,390,263
Cox,Pforzheimer,,391,2784
Huntington,Pforzheimer,1918,392,264
Jones,Pforzheimer,1923,395,84
Britwell,Pforzheimer,1922,396,412
Clawson,Pforzheimer,1926,397,450
Britwell,Pforzheimer,1924,398,712
Britwell,Pforzheimer,1924,399,342
Huntington,Pforzheimer,1918,40,34
Britwell,Pforzheimer,1924,404,341
Britwell,Pforzheimer,1924,405,338
Britwell,Pforzheimer,1922,407,424
Huntington,Pforzheimer,1917,408,192
Mostyn,Pforzheimer,1919,409,130
Major E.W. MacDonald,Pforzheimer,1932,410,7
Huntington,Pforzheimer,1918,411,368
Bierstadt,Pforzheimer,1897,412,839
Clawson,Pforzheimer,1926,413,781
Clawson,Pforzheimer,1926,414,318
Clawson,Pforzheimer,1926,415,317
Clawson,Pforzheimer,1926,416,590
Clawson,Pforzheimer,1926,417,872
Huntington,Pforzheimer,,418,
Huntington,Pforzheimer,1918,42,733
Van Antwerp,Pforzheimer,1922,420,3
Ross Winans,Pforzheimer,,421,
Hagen,Pforzheimer,1918,422,72
Huntington,Pforzheimer,1918,423,504
Huntington,Pforzheimer,1918,424,388
Clawson,Pforzheimer,1926,425,332
Britwell,Pforzheimer,1919,426,52
Huntington,Pforzheimer,1918,427,390
Clawson,Pforzheimer,1926,428,326
Clawson,Pforzheimer,1926,429,323
James Maidment,Pforzheimer,1880,43,160
Clawson,Pforzheimer,1926,430,333
Clawson,Pforzheimer,1926,431,529
Clawson,Pforzheimer,1926,432,331
Clawson,Pforzheimer,1926,433,335
Clawson,Pforzheimer,1926,434,306
Clawson,Pforzheimer,1926,435,325
Britwell,Pforzheimer,1919,436,39
G.D.Smith,Pforzheimer,1920,437,37
Clawson,Pforzheimer,1926,439,95
Ross Winans,Pforzheimer,,44,
Clawson,Pforzheimer,1926,440,336
Shakespeare Library,Pforzheimer,1918,442,154
Britwell,Pforzheimer,1922,444,349
Clawson,Pforzheimer,1926,446,347
Mark P. Robinson,Pforzheimer,1918,447,740
Huntington,Pforzheimer,1918,449,400
Sotheby’s,Pforzheimer,1936,449A,245
Clawson,Pforzheimer,1926,45,31
English Literature from London,Pforzheimer,1919,450,385a
Jones,Pforzheimer,1923,451,98
Clawson,Pforzheimer,1926,452,349
Lothian,Pforzheimer,1932,453,101
Mostyn,Pforzheimer,1919,454,146
Britwell,Pforzheimer,1922,455,357
Earl of Albermarle,Pforzheimer,1921,456,332
Britwell,Pforzheimer,1926,460,244
C.L.F. Robinson,Pforzheimer,1917,461,323
Huntington,Pforzheimer,1918,464,412
Jones,Pforzheimer,1919,465,850
G.D.Smith,Pforzheimer,1920,466,440
Hagen,Pforzheimer,1918,468,622
Jones,Pforzheimer,1919,469,876
Clawson,Pforzheimer,1926,47,35
Huntington,Pforzheimer,1917,470,215
Clawson,Pforzheimer,1926,471,367
Clawson,Pforzheimer,1926,472,396
Clawson,Pforzheimer,1926,473,369
Huntington,Pforzheimer,1918,474,427
Huntington,Pforzheimer,1918,475,424
English Literature from London,Pforzheimer,1919,476,3494
Clawson,Pforzheimer,1926,477,364
Clarence S. Bement,Pforzheimer,1923,478,771
J.T.Brockett,Pforzheimer,1823,479,2061
Clawson,Pforzheimer,1926,480,386
Huntington,Pforzheimer,1918,481,140
J.P.Collier,Pforzheimer,,482,
Clawson,Pforzheimer,1926,483,346
Clawson,Pforzheimer,1926,484,388
English Literature from London,Pforzheimer,1919,485,394
Chew,Pforzheimer,1924,486,205
Clawson,Pforzheimer,1926,487,391
English Literature from London,Pforzheimer,1919,488,394g
Huntington,Pforzheimer,,489,
Shakespeare Library,Pforzheimer,1918,49,40
Jones,Pforzheimer,1919,490,896
Hagen,Pforzheimer,1918,491,638
Mark P. Robinson,Pforzheimer,1918,492,469
J-T.Snyder,Pforzheimer,1934,494,82
Jones,Pforzheimer,1919,495,1043
Halsey,Pforzheimer,1919,496,786
Hagen,Pforzheimer,1918,498,644
Huth,Pforzheimer,1918,5,
Britwell,Pforzheimer,1927,502,967
Clawson,Pforzheimer,1926,504,409
W.F.Franklin,Pforzheimer,1916,505,946
Britwell,Pforzheimer,1919,506,56
Britwell,Pforzheimer,1922,507,646
Britwell,Pforzheimer,1924,508,435
Huth,Pforzheimer,1918,509,7162
Huth,Pforzheimer,1918,51,6730
Britwell,Pforzheimer,1922,510,687
Hoe,Pforzheimer,1912,511,1705
Hoe,Pforzheimer,1912,512,1710
Hagen,Pforzheimer,1918,515,649
Clawson,Pforzheimer,1926,518,418
Mostyn,Pforzheimer,1919,519,174
Hagen,Pforzheimer,1918,52,35
Clawson,Pforzheimer,1926,520,419
Clawson,Pforzheimer,1926,521,888
Clawson,Pforzheimer,,523,
Clawson,Pforzheimer,1926,524,420
Mostyn,Pforzheimer,1919,525,343
Clawson,Pforzheimer,1926,526,424
Jones,Pforzheimer,1919,527,931
Jones,Pforzheimer,1919,528,930
Britwell,Pforzheimer,1922,529,388
Hagen,Pforzheimer,1918,53,34
Huntington,Pforzheimer,1917,530,234
Jones,Pforzheimer,1919,534,944
Britwell,Pforzheimer,1924,535,456
Huth,Pforzheimer,1914,536,4043
Huntington,Pforzheimer,,537,
Anderson’s,Pforzheimer,1920,538,562
Jones,Pforzheimer,1919,539,952
Hagen,Pforzheimer,1918,54,36
Clawson,Pforzheimer,1926,540,437
Hagen,Pforzheimer,1918,542,681
Huntington,Pforzheimer,,543,
Clawson,Pforzheimer,1926,544,440
Jones,Pforzheimer,1919,545,946
Chew,Pforzheimer,1924,546,227
Clawson,Pforzheimer,1926,547,438
Hagen,Pforzheimer,1918,548,680
Huntington,Pforzheimer,,549,
Wheeler,Pforzheimer,1919,55,51
Clawson,Pforzheimer,1926,550,441
Clawson,Pforzheimer,1926,551,436
Clawson,Pforzheimer,1926,552,442
English Literature from London,Pforzheimer,1919,554,437a
H.V.Jones,Pforzheimer,1918,555,948
Sotheby’s,Pforzheimer,1930,556,43
W.A. White,Pforzheimer,,557,
Huntington,Pforzheimer,,558,
Hagen,Pforzheimer,1918,559,676
Sydney Herbert,Pforzheimer,1916,56,46
Hagen,Pforzheimer,1918,561,682
Forman,Pforzheimer,1920,562,355
English Literature from London,Pforzheimer,1919,563,439
Huth,Pforzheimer,1914,564,4073
Chew,Pforzheimer,1924,565,231
English Literature from London,Pforzheimer,1919,566,4398
Huth,Pforzheimer,1914,567,4090
Hagen,Pforzheimer,1918,568,1190
Hagen,Pforzheimer,1918,569,692
Clawson,Pforzheimer,1926,57,56
Hagen,Pforzheimer,1918,571,693
G.D.Smith,Pforzheimer,1916,572,450
Huth,Pforzheimer,1914,573,4165
Huntington,Pforzheimer,,574,
Huntington,Pforzheimer,1918,575,363
W.A. White,Pforzheimer,,576,
Emmet,Pforzheimer,1918,577,526
Hagen,Pforzheimer,1918,579,876
Huntington,Pforzheimer,,58,
Huth,Pforzheimer,1914,581,4265
Chew,Pforzheimer,1924,583,239
Huth,Pforzheimer,1914,585,4278
Jones,Pforzheimer,1919,585,1021
Huth,Pforzheimer,1914,586,4287
Huth,Pforzheimer,1914,587,4288
Huth,Pforzheimer,1914,588,4309
Huth,Pforzheimer,1914,589,4303
Huth,Pforzheimer,1914,591,4311
Huth,Pforzheimer,1914,592,4307
Huth,Pforzheimer,1914,593,4301
Huntington,Pforzheimer,,594,
Britwell,Pforzheimer,1924,595,485
Huth,Pforzheimer,1914,599,4425
Clawson,Pforzheimer,1920,599,291
Britwell,Pforzheimer,1922,6,
Shakespeare Library,Pforzheimer,1918,60,43
Shakespeare Library,Pforzheimer,1918,600,213
Britwell,Pforzheimer,,607,
Clawson,Pforzheimer,1926,616,465
Britwell,Pforzheimer,1922,617,440
Mostyn,Pforzheimer,1919,618,190
J.T. Adams,Pforzheimer,1931,619,144
Curzon-Zouche,Pforzheimer,1920,62,
Clawson,Pforzheimer,1926,620,466
"Sir Walter Halsey, Bt",Pforzheimer,1932,621,331f
Edwin Freshfield,Pforzheimer,1933,622,144
Clawson,Pforzheimer,1926,623,464
Huntington,Pforzheimer,,624,
John Miller of Dunstable,Pforzheimer,,625,
Britwell,Pforzheimer,1926,625,552
Britwell,Pforzheimer,1925,626,557
Hagen,Pforzheimer,1918,627,738
Huntington,Pforzheimer,1918,628,362
Huth,Pforzheimer,1914,629,4505
Hagen,Pforzheimer,1918,63,46
Hagen,Pforzheimer,1918,631,734
Clawson,Pforzheimer,1926,632,477
Britwell,Pforzheimer,1922,633,450
Clawson,Pforzheimer,1926,634,476
Hagen,Pforzheimer,1918,635,733
Clawson,Pforzheimer,1936,636,473
Huntington,Pforzheimer,1917,637,251
Huntington,Pforzheimer,,638,
Clawson,Pforzheimer,1926,639,559
James W. Ellsworth,Pforzheimer,,64,
Mostyn,Pforzheimer,1919,640,194
Jones,Pforzheimer,1919,641,1078
Hagen,Pforzheimer,1918,642,745
Clawson,Pforzheimer,1926,643,493
Jones,Pforzheimer,1919,644,1077
Shakespeare Library,Pforzheimer,1918,645,222
Huntington,Pforzheimer,1917,646,258
Mostyn,Pforzheimer,1919,646,202
Huntington,Pforzheimer,,647,
Britwell,Pforzheimer,1924,648,522
Shakespeare Library,Pforzheimer,1918,65,43
W.A. White,Pforzheimer,,654,
W.A. White,Pforzheimer,,655,
Jones,Pforzheimer,1919,656,1085
W.A. White,Pforzheimer,,657,
W.A. White,Pforzheimer,,659,
Britwell,Pforzheimer,1923,661,449
W.A. White,Pforzheimer,,662,
Huntington,Pforzheimer,1918,663,396
Clawson,Pforzheimer,1926,664,499
W.A. White,Pforzheimer,,665,
Huntington,Pforzheimer,1918,666,397
G.D.Smith,Pforzheimer,1920,667,233
Clawson,Pforzheimer,1926,67,788
Britwell,Pforzheimer,1925,670,400
Hagen,Pforzheimer,1918,671,749
Jones,Pforzheimer,1919,672,1090
Clawson,Pforzheimer,1926,673,509
Clawson,Pforzheimer,1926,674,510
Huntington,Pforzheimer,,675,
Shakespeare Library,Pforzheimer,1918,676,236
E.D.Church,Pforzheimer,1916,677,1083
Clawson,Pforzheimer,1926,678,523
Jones,Pforzheimer,1919,68,1252
Jones,Pforzheimer,1919,680,1113
Chew,Pforzheimer,1924,681,
Hagen,Pforzheimer,1918,682,756
Mostyn,Pforzheimer,1919,683,220
Huntington,Pforzheimer,,684,
Huntington,Pforzheimer,,685,
Clawson,Pforzheimer,1926,686,527
Huntington,Pforzheimer,,687,
Huntington,Pforzheimer,1918,688,40s
Britwell,Pforzheimer,1924,689,547
Britwell,Pforzheimer,1920,690,211
Mostyn,Pforzheimer,1919,691,245
Clawson,Pforzheimer,1926,692,542
Clawson,Pforzheimer,1926,693,538
Clawson,Pforzheimer,1926,694,535
Clawson,Pforzheimer,1926,695,539
Hagen,Pforzheimer,1918,696-1,768
Huntington,Pforzheimer,,696-2,
Clawson,Pforzheimer,1926,697,544
Huntington,Pforzheimer,,698,
Mostyn,Pforzheimer,1919,699,235
Clawson,Pforzheimer,,7,
Clawson,Pforzheimer,1926,700,543
Clawson,Pforzheimer,1926,701,546
Clawson,Pforzheimer,1926,703,48
Clawson,Pforzheimer,1926,704,534
Britwell,Pforzheimer,1922,705,482
Clawson,Pforzheimer,1926,706,536
Hagen,Pforzheimer,1918,707,783
Viscount Birkenhead,Pforzheimer,,708,
Huth,Pforzheimer,1916,709,4996
Leo,Pforzheimer,1921,71,15
Jones,Pforzheimer,1919,710,1178
Huth,Pforzheimer,1916,712,4991
English Literature from London,Pforzheimer,1919,713,579
J.A.Brooke,Pforzheimer,1921,715,1013
Hoe,Pforzheimer,1912,716,2318
Hagen,Pforzheimer,1918,717,806
Clawson,Pforzheimer,1926,718,576
Ross Winans,Pforzheimer,,719,
Leo,Pforzheimer,1921,72,15
Hagen,Pforzheimer,1918,720,813
Hagen,Pforzheimer,1918,722,786
Hagen,Pforzheimer,1918,723,845
Hodgson’s,Pforzheimer,1927,724,421
C.L.F. Robinson,Pforzheimer,1917,727,447
Huntington,Pforzheimer,,729,
Clawson,Pforzheimer,1926,73,54
Ross Winans,Pforzheimer,1919,730,710
Jones,Pforzheimer,1919,731,1186
Britwell,Pforzheimer,1924,732,554
Britwell,Pforzheimer,1924,733,555
Britwell,Pforzheimer,1923,734,483
Huntington,Pforzheimer,1917,735,286
Britwell,Pforzheimer,1923,736,481
Clawson,Pforzheimer,1926,737,585
Thomas Bell,Pforzheimer,1917,739,558
Cox,Pforzheimer,1920,74,2984
Shakespeare Library,Pforzheimer,1918,740,636
Hagen,Pforzheimer,1918,741,882
Jones,Pforzheimer,1919,743,1234
Huntington,Pforzheimer,1918,746,623
Britwell,Pforzheimer,1922,747,49s
E.Ph.Goldschmidt,Pforzheimer,,75,
Britwell,Pforzheimer,1922,750,496
Huntington,Pforzheimer,1919,751,596
Jones,Pforzheimer,1919,752,1241
Huntington,Pforzheimer,1918,753,420
Huntington,Pforzheimer,1918,756,417
W.E.Burton,Pforzheimer,1860,757,1374
Huntington,Pforzheimer,1918,759,41 8
Jones,Pforzheimer,1918,76,220
Knight,Pforzheimer,1860,761-1,286
W.E.Burton,Pforzheimer,1860,761-2,1374
Clawson,Pforzheimer,1926,762,605
Britwell,Pforzheimer,1919,763,66
Clawson,Pforzheimer,1926,764,607
Britwell,Pforzheimer,1922,765,499
Clawson,Pforzheimer,1926,766,609
Clawson,Pforzheimer,1926,767,610
Mostyn,Pforzheimer,1919,768,336
G.D.Smith,Pforzheimer,1920,769,472
G.D.Smith,Pforzheimer,1920,770,416
Huntington,Pforzheimer,1919,771,49a
Huntington,Pforzheimer,1918,772,639
Britwell,Pforzheimer,1922,773,506
Mostyn,Pforzheimer,1919,774,265
Emmet,Pforzheimer,1918,775,608
Forman,Pforzheimer,1920,777,531
Huntington,Pforzheimer,1918,779,363
Shakespeare Library,Pforzheimer,1918,78,124
G.D.Smith,Pforzheimer,1920,780,437
Chew,Pforzheimer,1924,781,415
Hagen,Pforzheimer,1918,782,73
Clawson,Pforzheimer,1926,783,620
Clawson,Pforzheimer,1926,784,620
Britwell,Pforzheimer,1924,786,603
Thorn Drury,Pforzheimer,1931,787,2078
Hoe,Pforzheimer,1912,788,2532
Clawson,Pforzheimer,1926,789,628
Hagen,Pforzheimer,1918,79,81
Britwell,Pforzheimer,1922,790,532
Jones,Pforzheimer,1919,791,1292
Clawson,Pforzheimer,1926,792,630
Clawson,Pforzheimer,1926,794,635
Lord Northbourne,Pforzheimer,1924,795,312
P.M.Barnard,Pforzheimer,1934,796,320
Hagen,Pforzheimer,1918,797,914
Ross Winans,Pforzheimer,,798,
Hagen,Pforzheimer,1918,799,721
Huntington,Pforzheimer,,80,
Jones,Pforzheimer,1919,801,1307
Britwell,Pforzheimer,1923,802,65
Shakespeare Library,Pforzheimer,1918,803,51
Huntington,Pforzheimer,,804,
Jones,Pforzheimer,1923,805,153
Huntington,Pforzheimer,1918,806,687
Britwell,Pforzheimer,1923,807,547
Shakespeare Library,Pforzheimer,1918,808,269
Titus,Pforzheimer,1919,809,407
Shakespeare Library,Pforzheimer,1918,81,123
Huth,Pforzheimer,1918,811,6072
Huth,Pforzheimer,1918,812,6068
Mostyn,Pforzheimer,1919,813,135
E.F.Leo,Pforzheimer,1921,814,1205
E.F.Leo,Pforzheimer,1921,815,205
E.F.Leo,Pforzheimer,1921,816,205
Huntington,Pforzheimer,1918,817,453
English Literature from London,Pforzheimer,1919,818,80
Alfred Morrison,Pforzheimer,1919,819,3058
Shakespeare Library,Pforzheimer,1918,82,125
Huth,Pforzheimer,1918,823,6135
Mostyn,Pforzheimer,1919,826,284
Hoe,Pforzheimer,1911,828,2727
Huth,Pforzheimer,1918,829,6150
Britwell,Pforzheimer,1923,83,82
Huth,Pforzheimer,1918,830,6233
Huntington,Pforzheimer,,831,
Huntington,Pforzheimer,,832,
Huth,Pforzheimer,1918,834,6309
Huntington,Pforzheimer,,835,
Huntington,Pforzheimer,,836,
Clawson,Pforzheimer,1926,838,682
Clawson,Pforzheimer,1926,839,688
Sir Walter Halsey,Pforzheimer,1932,84,331C
Huntington,Pforzheimer,,840,
Clawson,Pforzheimer,1926,841,690
Hagen,Pforzheimer,1918,842,1033
Huth,Pforzheimer,1918,843,6481
Shakespeare Library,Pforzheimer,1918,844,586
Mostyn,Pforzheimer,1919,845,328
Huth,Pforzheimer,1918,846,6500
Bridgewater,Pforzheimer,,847,
Huntington,Pforzheimer,1918,847,738
Huth,Pforzheimer,1918,848,6534
Huth,Pforzheimer,1918,849,6564
Huntington,Pforzheimer,,85,
Seth Terry,Pforzheimer,1935,850,347
Chew,Pforzheimer,1924,851,371
Hagen,Pforzheimer,1919,852,1041
Britwell,Pforzheimer,1924,853,687
Huth,Pforzheimer,1918,854,6596
J.T. Adams,Pforzheimer,1931,855,215
Britwell,Pforzheimer,1923,856,596
Huntington,Pforzheimer,1918,858,487
Huntington,Pforzheimer,1918,859,414
Britwell,Pforzheimer,1924,860,694
Britwell,Pforzheimer,1923,861,601
Britwell,Pforzheimer,1925,86-104,401
Britwell,Pforzheimer,1924,862,695
Huth,Pforzheimer,1918,863,6706
Britwell,Pforzheimer,1923,864,599
Huntington,Pforzheimer,1918,865,414
Britwell,Pforzheimer,1923,866,598
Mostyn,Pforzheimer,1907,867,461
Huth,Pforzheimer,1918,868,6737
Huth,Pforzheimer,1918,869,6724
Huntington,Pforzheimer,,870,
Huth,Pforzheimer,1918,871,6733
Shakespeare Library,Pforzheimer,1918,872,541
Huth,Pforzheimer,1918,873,6742
Sydney Herbert,Pforzheimer,1916,874,794
Huth,Pforzheimer,1918,876,6751
Shakespeare Library,Pforzheimer,1918,877,784
Huth,Pforzheimer,1918,878,6758
Huntington,Pforzheimer,1918,879,425
W.K.Bixby,Pforzheimer,,880,
Clawson,Pforzheimer,1926,881,724
Shakespeare Library,Pforzheimer,1918,882,302
Britwell,Pforzheimer,1919,883,88
J. Fitchett Marsh,Pforzheimer,1882,884,2403
Clawson,Pforzheimer,1926,885,743
Henkels,Pforzheimer,1919,886,139
Clawson,Pforzheimer,1926,887,719
Huntington,Pforzheimer,1918,888,434
Mostyn,Pforzheimer,1907,889,480
Britwell,Pforzheimer,1919,890,86
Britwell,Pforzheimer,1919,891,87
Clawson,Pforzheimer,1926,892,723
Henkels,Pforzheimer,1919,893,136
Mostyn,Pforzheimer,1907,894,483
Clawson,Pforzheimer,1926,895,716
Britwell,Pforzheimer,1923,896,602
Clawson,Pforzheimer,1926,898,741
G.D.Smith,Pforzheimer,1920,899,304
Clawson,Pforzheimer,1926,900,745
Britwell,Pforzheimer,1919,901,89
Huntington,Pforzheimer,,902,
Clawson,Pforzheimer,1926,903,738
Mostyn,Pforzheimer,1919,904,299
W.K.Bixby,Pforzheimer,,907,
W.K.Bixby,Pforzheimer,,909,
Hagen,Pforzheimer,1918,910,1076
W.K.Bixby,Pforzheimer,,911,
Hagen,Pforzheimer,,911 A,
Hagen,Pforzheimer,,911 B,
Sewall,Pforzheimer,,911 C,
Hagen,Pforzheimer,,911 D,
Hagen,Pforzheimer,,911 E,
Hagen,Pforzheimer,,911 F,
Hagen,Pforzheimer,,911 G,
Hagen,Pforzheimer,,911 H,
Hagen,Pforzheimer,,911 I,
Hagen,Pforzheimer,,911 J,
Hagen,Pforzheimer,,911 K,
Hagen,Pforzheimer,,911 L,
Hagen,Pforzheimer,,911 M,
Jones,Pforzheimer,1916,913,145
Henkels’s Shakespeare sale,Pforzheimer,1919,914,133
S.K. Wilson,Pforzheimer,1918,915,
Sydney Herbert,Pforzheimer,1916,917,795
Huntington,Pforzheimer,,918,
Huntington,Pforzheimer,,919,
Huntington,Pforzheimer,,920,
Henkels’s Shakespeare sale,Pforzheimer,1919,921,140
Mostyn,Pforzheimer,1919,922,308
Huth,Pforzheimer,1918,923,6837
Clawson,Pforzheimer,1926,924,775
Lefferts,Pforzheimer,1902,925,1230
Hagen,Pforzheimer,1918,925,1148
Shakespeare Library,Pforzheimer,1918,926,824
Shakespeare Library,Pforzheimer,1918,927,313
Huth,Pforzheimer,1918,929,6850
Hagen,Pforzheimer,1919,930,1149
Huth,Pforzheimer,1918,931,6843
Roxburghe,Pforzheimer,1812,932,310
Kemble,Pforzheimer,1814,932,
Devonshire,Pforzheimer,,932,
Huntington,Pforzheimer,,932,
Mostyn,Pforzheimer,1920,933,67
Huntington,Pforzheimer,1918,934,776
Shakespeare Library,Pforzheimer,1918,935,312
Huth,Pforzheimer,1918,937,6864
Jones,Pforzheimer,1919,938,1466
Hagen,Pforzheimer,1918,939,1152
Huth,Pforzheimer,1918,940,6884
Britwell,Pforzheimer,1924,941,714
Huth,Pforzheimer,1918,942,6886
Britwell,Pforzheimer,1922,943,615
Huth,Pforzheimer,1918,944,6891
Clawson,Pforzheimer,1926,945,783
Huth,Pforzheimer,1918,946,6885
Britwell,Pforzheimer,1922,947,615
Adams,Pforzheimer,1931,948,259
Huntington,Pforzheimer,1918,949,791
Huntington,Pforzheimer,1917,950,267
Britwell,Pforzheimer,1922,952,618
Huth,Pforzheimer,1918,954,6961
Jones,Pforzheimer,1916,955,495
Huth,Pforzheimer,1918,956,6967
Huth,Pforzheimer,1918,957,6960
Huth,Pforzheimer,1918,958,6964
Huntington,Pforzheimer,1918,959,492
Huth,Pforzheimer,1918,960,6962
Huth,Pforzheimer,1918,961,6968
Huth,Pforzheimer,1918,962,6963
Hagen,Pforzheimer,1918,963,1170
Huth,Pforzheimer,1918,964,7004
Thomas Brooke,Pforzheimer,1921,965,1359
Narcissus Luttrell,Pforzheimer,1936,966,162
Hagen,Pforzheimer,1918,967,1174
Huntington,Pforzheimer,1917,968,360
Purdy,Pforzheimer,1917,969,867
English Literature from London,Pforzheimer,1919,971,748
Huth,Pforzheimer,1918,972,7016
Mark P. Robinson,Pforzheimer,1918,973,863
Britwell,Pforzheimer,1919,975,102
Britwell,Pforzheimer,1919,976,97
Hagen,Pforzheimer,1918,977,1177
Britwell,Pforzheimer,1919,979,98
Hagen,Pforzheimer,1918,980,1182
Britwell,Pforzheimer,1923,981,638
Britwell,Pforzheimer,1922,982,
Huth,Pforzheimer,1918,985,7057
Clawson,Pforzheimer,1926,987,800
Britwell,Pforzheimer,1921,988,729
Britwell,Pforzheimer,1921,989,730
Clawson,Pforzheimer,1926,990,801
Huth,Pforzheimer,1918,991,7102
Clawson,Pforzheimer,1926,992,802
Hodgson’s,Pforzheimer,1929,994,
Hagen,Pforzheimer,1918,995,1203
Hagen,Pforzheimer,1918,997,1204
Huntington,Pforzheimer,,999,
"Dalrymple Library at Newhailes, Musselburgh",Pforzheimer,1937,App.10,Lot 104
British Museum,Pforzheimer,May  1938,App.11,
Britwell,Pforzheimer,1919,App.2,Lot 180
Aldenham,Pforzheimer,1937,App.3,Lot 271
"Dalrymple Library at Newhailes, Musselburgh",Pforzheimer,1937,App.4,Lot 171
Aldenham,Pforzheimer,1937,App.5,Lot 214
"Dalrymple Library at Newhailes, Musselburgh",Pforzheimer,1937,App.7,Lot 212
"Dalrymple Library at Newhailes, Musselburgh",Pforzheimer,1937,App.8,Lot 118
Lowther Castle,Pforzheimer,1937,App.9,Lot 383
Alfred Morrison,Pforzheimer,1919,MS.103a,2744
Alfred Morrison,Pforzheimer,1919,MS.103b,2744
Alfred Morrison,Pforzheimer,1919,MS. 103c,2757
Alfred Morrison,Pforzheimer,1919,MS.104a,2744
Alfred Morrison,Pforzheimer,1919,MS.104c,2678
Alfred Morrison,Pforzheimer,1919,MS.104d,2709
Alfred Morrison,Pforzheimer,1919,MS.105C,3042
Alfred Morrison,Pforzheimer,1919,MS.105D,3043
Alfred Morrison,Pforzheimer,1919,MS.105G,3043
Alfred Morrison,Pforzheimer,1919,MS.10a,2933
Clawson,Pforzheimer,1920,MS.10a,112
Alfred Morrison,Pforzheimer,1919,MS.10B,2933
Britwell,Pforzheimer,1924,MS.116,721
Alfred Morrison,Pforzheimer,1919,MS.11A,2803
Alfred Morrison,Pforzheimer,1919,MS.11C,2933
Alfred Morrison,Pforzheimer,1919,MS.120,3027
Alfred Morrison,Pforzheimer,1919,MS.121,3027
Alfred Morrison,Pforzheimer,1919,MS.122,2754
Alfred Morrison,Pforzheimer,1919,MS.123,2754
Alfred Morrison,Pforzheimer,1919,MS.124,2754
Alfred Morrison,Pforzheimer,1919,MS.125,2754
Alfred Morrison,Pforzheimer,1919,MS.126,2814
Alfred Morrison,Pforzheimer,1919,MS.127,3027
Alfred Morrison,Pforzheimer,1919,MS.128,2814
Alfred Morrison,Pforzheimer,1919,MS.129,2814
Lord Hillingdon,Pforzheimer,1932,MS.13,173
Alfred Morrison,Pforzheimer,1919,MS.130,2814
Alfred Morrison,Pforzheimer,1919,MS.131,3027
Alfred Morrison,Pforzheimer,1919,MS.132,3027
Alfred Morrison,Pforzheimer,1919,MS.133,2754
Alfred Morrison,Pforzheimer,1919,MS.134,2814
Alfred Morrison,Pforzheimer,1919,MS.135,2814
Alfred Morrison,Pforzheimer,1919,MS.136,2814
Alfred Morrison,Pforzheimer,1919,MS.137,2814
Alfred Morrison,Pforzheimer,1919,MS.138,2814
Alfred Morrison,Pforzheimer,1919,MS.139,2814
Alfred Morrison,Pforzheimer,1919,MS.13A,2933
Alfred Morrison,Pforzheimer,1919,MS.140,2748
Alfred Morrison,Pforzheimer,1919,MS.141,2814
Alfred Morrison,Pforzheimer,1919,MS.142,2814
Alfred Morrison,Pforzheimer,1919,MS.143,2814
Alfred Morrison,Pforzheimer,1919,MS.144,2814
Alfred Morrison,Pforzheimer,1919,MS.145,2814
Alfred Morrison,Pforzheimer,1919,MS.146,2814
Alfred Morrison,Pforzheimer,1919,MS.147,2814
Alfred Morrison,Pforzheimer,1919,MS.148,2814
Leeds Papers,Pforzheimer,,MS.149,
Alfred Morrison,Pforzheimer,1919,MS.149,2814
Alfred Morrison,Pforzheimer,1919,MS.150,2748
Alfred Morrison,Pforzheimer,1919,MS.151,2754
Alfred Morrison,Pforzheimer,1919,MS.152,3027
Alfred Morrison,Pforzheimer,1919,MS.153,3027
Alfred Morrison,Pforzheimer,1919,MS.154,2754
Alfred Morrison,Pforzheimer,1919,MS.155,2754
Alfred Morrison,Pforzheimer,1919,MS.156,2754
Alfred Morrison,Pforzheimer,1919,MS.157,2754
Sotheby’s,Pforzheimer,1881,MS.158,179
Alfred Morrison,Pforzheimer,1919,MS.158,2754
Alfred Morrison,Pforzheimer,1919,MS.159,2754
Sotheby’s,Pforzheimer,1882,MS.160,145
Alfred Morrison,Pforzheimer,1919,MS.160,2754
Alfred Morrison,Pforzheimer,1919,MS.161,2754
Alfred Morrison,Pforzheimer,1919,MS.162,2754
Alfred Morrison,Pforzheimer,1919,MS.163,2754
Alfred Morrison,Pforzheimer,1919,MS.164,2754
Alfred Morrison,Pforzheimer,1919,MS.165,2754
Alfred Morrison,Pforzheimer,1919,MS.166,2754
Alfred Morrison,Pforzheimer,1919,MS.167,2754
Alfred Morrison,Pforzheimer,1919,MS.168,2754
Alfred Morrison,Pforzheimer,1919,MS.1a,2744
Alfred Morrison,Pforzheimer,1919,MS.1b,2744
Alfred Morrison,Pforzheimer,1919,MS. 1c,2694
Alfred Morrison,Pforzheimer,1919,MS.1d,2744
Alfred Morrison,Pforzheimer,1919,MS.1e,2697
Alfred Morrison,Pforzheimer,1919,MS.1f,2697
Alfred Morrison,Pforzheimer,1919,MS.1g,2744
Alfred Morrison,Pforzheimer,1919,MS.1h,2744
Alfred Morrison,Pforzheimer,1919,MS.1j,2744
Alfred Morrison,Pforzheimer,1919,MS.1l,2744
Alfred Morrison,Pforzheimer,1919,MS.1m,2744
Alfred Morrison,Pforzheimer,1919,MS.1n,3059
Alfred Morrison,Pforzheimer,1919,MS.1p,2744
Alfred Morrison,Pforzheimer,1919,MS.1q,2744
Alfred Morrison,Pforzheimer,1919,MS.1r,2744
Pepys Papers,Pforzheimer,,MS.1s,
Alfred Morrison,Pforzheimer,1919,MS.1s,2744
Leeds Papers,Pforzheimer,,MS.2a,
Alfred Morrison,Pforzheimer,1919,MS.2a,2744
Thorn Drury,Pforzheimer,1932,MS.2aa,2396
Steevens,Pforzheimer,1932,MS.2b,14
Steevens,Pforzheimer,1932,MS.2bb,15
Thorn Drury,Pforzheimer,1932,MS.2c,2396
Thorn Drury,Pforzheimer,1932,MS.2cc,2396
Thorn Drury,Pforzheimer,1932,MS.2d,2396
Steevens,Pforzheimer,1932,MS.2dd,15
Thorn Drury,Pforzheimer,1932,MS.2e,2396
Thorn Drury,Pforzheimer,1919,MS.2f,2395
Thorn Drury,Pforzheimer,1932,MS.2g,2396
Thorn Drury,Pforzheimer,1932,MS.2h,2396
Thorn Drury,Pforzheimer,1932,MS.2i,2396
Thorn Drury,Pforzheimer,1932,MS.2j,2396
Thorn Drury,Pforzheimer,1919,MS.2k,2396
Thorn Drury,Pforzheimer,1932,MS.2l,2396
Thorn Drury,Pforzheimer,1932,MS.2m,2396
Thorn Drury,Pforzheimer,1932,MS.2n,2396
Thorn Drury,Pforzheimer,1936,MS.2o,2396
Thorn Drury,Pforzheimer,1932|2396,MS.2p,
Thorn Drury,Pforzheimer,1932,MS.2q,2396
Thorn Drury,Pforzheimer,1932,MS.2r,2396
Thorn Drury,Pforzheimer,1932,MS.2s,2396
Thorn Drury,Pforzheimer,1932,MS.2t,2396
Thorn Drury,Pforzheimer,1932,MS.2u,2396
Thorn Drury,Pforzheimer,1932,MS.2v,2396
Thorn Drury,Pforzheimer,1932,MS.2w,2396
Thorn Drury,Pforzheimer,1932,MS.2x,2396
Thorn Drury,Pforzheimer,1932,MS.2y,2396
Thorn Drury,Pforzheimer,1932,MS.2z,2396
Alfred Morrison,Pforzheimer,1919,MS.35A,2824
Alfred Morrison,Pforzheimer,1919,MS.35D,2820
Alfred Morrison,Pforzheimer,1919,MS.35E,2822
Alfred Morrison,Pforzheimer,1919,MS.35F,2822
Alfred Morrison,Pforzheimer,1919,MS.35G,2822
Alfred Morrison,Pforzheimer,1919,MS.35H,2822
Alfred Morrison,Pforzheimer,1919,MS.35I,2822
Alfred Morrison,Pforzheimer,1919,MS.35M,2701
Alfred Morrison,Pforzheimer,1919,MS.35N,3028
Alfred Morrison,Pforzheimer,1919,MS.35O,2702
Alfred Morrison,Pforzheimer,1919,MS.35P,2702
Pepys Papers,Pforzheimer,,MS.35Q,
Alfred Morrison,Pforzheimer,1919,MS.35Q,2702
Shakespeare Library,Pforzheimer,1918,MS.39,257
Hudson Gurney,Pforzheimer,1936,MS. 40A,140
Alfred Morrison,Pforzheimer,1919,MS.41a,3028
Alfred Morrison,Pforzheimer,1919,MS.41b,3028
Alfred Morrison,Pforzheimer,1919,MS.41c,3028
Alfred Morrison,Pforzheimer,1919,MS 108,
Alfred Morrison,Pforzheimer,1919,MS 112,3057
Jones,Pforzheimer,1919,344,1167
