Source,Target,Label,Weight
Abraham Wheloc,Humfrey Wanley,Otho BXI,1
Abraham Wheloc,Patrick Young|Samuel Ward,Tiberius CII,1
Abraham Wheloc,Samuel Ward,Tiberius CII,1
Abraham Wheloc,William Lisle,Otho BXI,1
Arthur Agarde,Arthur Agarde,Faustina BIII;Otho BXIV;Otho AXVII;Vespasian AXVIII,4
Arthur Agarde,Augustine Vincent,Vitellius AVIII,1
Arthur Agarde,Edward Coke,Titus AI;Cleopatra CVII;Domitian XV,3
Arthur Agarde,Francis Tate,Tiberius AXIII;Cleopatra AXII,2
Arthur Agarde,Fulke Greville,Cleopatra AXVI,1
Arthur Agarde,George Buc,Julius BIV;Tiberius AXIII,2
Arthur Agarde,Hart,Titus AI;Domitian XV,2
Arthur Agarde,Henry Montagu,Caligula AXII;Caligula AXIII,2
Arthur Agarde,Henry Spelman|Henry Spelman,Tiberius AXIII,1
Arthur Agarde,Humphrey Henchman,Otho BXIV,1
Arthur Agarde,James Ussher,Titus AII;Nero EI,2
Arthur Agarde,Jarvis Bradgate,Nero DX,1
Arthur Agarde,John Barkham,Vitellius DII,1
Arthur Agarde,John Bernard,Faustina BIII;Otho AXVII,2
Arthur Agarde,John Bradshaw,Faustina AIII;Titus AVIII,2
Arthur Agarde,John Everard,Vespasian AXVIII,1
Arthur Agarde,John Lambe,Faustina BIII,1
Arthur Agarde,John Lambe|Fronton du Duc,Otho AXVII,1
Arthur Agarde,John Selden,Vespasian DX;Faustina AIII;Cleopatra AXVI;Vespasian AXVIII;Titus AVIII;Nero DI;Vitellius DXV;Tiberius AXIII;Vitellius DII,9
Arthur Agarde,John Speed,Nero DX;Titus DXII;Vitellius DII,3
Arthur Agarde,"John Speed, Arthur Agarde, or St Lo Kniveton",Titus DXII,1
Arthur Agarde,John Williams,Caligula AXII;Nero EI;Caligula AXIII,3
Arthur Agarde,Lord William Howard,Tiberius EVI;Otho DIII,2
Arthur Agarde,Lord William Howard|Nicholas Roscarrock,Titus AI;Vespasian AVI;Domitian XV,3
Arthur Agarde,Mr Morgan,Caligula AXII;Otho BXIV;Caligula AXIII,3
Arthur Agarde,Patrick Young,Vitellius DII,1
Arthur Agarde,Percy Herbert,Caligula AXII;Otho BXIV;Caligula AXIII,3
Arthur Agarde,Peter Balle,Tiberius AVI;Titus AI;Domitian XV,3
Arthur Agarde,Richard Bancroft,Nero DI;Vitellius DXV;Domitian XV;Titus AI;Tiberius AX,5
Arthur Agarde,Richard Bancroft|John Pory,Cleopatra AXVI,1
Arthur Agarde,Richard Bancroft|Robert Cecil,Domitian XV,1
Arthur Agarde,Richard Montague,Claudius CIX,1
Arthur Agarde,Richard Perrincheif,Titus AVIII,1
Arthur Agarde,Richard St George,Caligula AXII;Otho BXIV;Caligula AXIII,3
Arthur Agarde,Rob Scauen,Domitian III,1
Arthur Agarde,Robert Bowyer,Faustina AIII;Titus AVIII,2
Arthur Agarde,"Samuel Roper, senior",Otho BXIV;Caligula AXIII,2
Arthur Agarde,Sidney Montague,Faustina AIV,1
Arthur Agarde,Simonds D’Ewes,Tiberius AXIII;Vitellius DII,2
Arthur Agarde,Spencer Compton,Faustina BII,1
Arthur Agarde,St Lo Kniveton,Cleopatra CVII;Otho CVIII;Titus DXII;Claudius AVI;Tiberius AX,5
Arthur Agarde,Thomas Ham[p]son,Cleopatra CVII,1
Arthur Agarde,William Camden,Nero DI;Otho DIII;Vitellius DXV;Tiberius AXIII;Tiberius EVI;Tiberius AX;Claudius AVI,7
Arthur Agarde,William Dugdale,Titus AI;Domitian XV,2
Arthur Agarde,William Watts,Vitellius AXIII;Nero DI,2
Arthur Agarde,nan,Tiberius AXIII;Tiberius AX,2
Arthur Agarde,unidentified borrower,Tiberius AVI,1
Arthur Agarde|Walter Raleigh,John Selden,Nero DII,1
Arthur Agarde|Walter Raleigh,Ralph Starkey,Nero DII,1
Arthur Agarde|Walter Raleigh,Richard Bancroft,Nero DII,1
Augustine Baker,James Ussher,Vitellius CVIII,1
Augustine Baker,Patrick Young,Vitellius CVIII,1
Augustine Baker,William Camden,Claudius DI,1
Augustine Baker,William Dugdale,Vitellius CVIII,1
Augustine Lindsell,Patrick Young,Titus DXI,1
Augustine Lindsell,Richard Bancroft,Claudius BII;Nero AV;Titus DXI,3
Augustine Lindsell,Richard James,Nero EV,1
Augustine Lindsell,William Camden,Vitellius DXIII,1
Augustine Vincent,Augustine Vincent,Cleopatra CIII,1
Augustine Vincent,George Buc,Otho BV,1
Augustine Vincent,John Borough,Claudius DX,1
Augustine Vincent,John Bradshaw,Julius DII,1
Augustine Vincent,John Selden,Otho BV;Vitellius FXII,2
Augustine Vincent,John Speed,Otho BV,1
Augustine Vincent,Richard Bancroft,Otho BV,1
Augustine Vincent,William Camden,Vitellius CVI;Vitellius FXII,2
Augustine Vincent,William Watts,Otho BV,1
Augustine Vincent|John Selden,Elias Ashmole,Julius CIX,1
Augustine Vincent|John Selden,George Allington,Julius CIX,1
Augustine Vincent|John Selden,William Segar,Julius CIX,1
Basil Brooke,George Carew,Cleopatra EI,1
Basil Brooke,Godfrey Goodman,Cleopatra EI,1
Basil Brooke,Henry Bourchier,Cleopatra EIV,1
Basil Brooke,Henry Howard,Cleopatra EI,1
Basil Brooke,James I,Cleopatra EI,1
Basil Brooke,John Selden,Cleopatra FI;Cleopatra FII;Cleopatra EIV,3
Basil Brooke,John Speed,Cleopatra EIV,1
Basil Brooke,Patrick Young,Cleopatra EIII,1
Basil Brooke,Peter Balle,Cleopatra FI;Cleopatra FII;Cleopatra EIII,3
Basil Brooke,Richard Bancroft,Cleopatra EI;Cleopatra FII;Cleopatra FI;Cleopatra EIII;Cleopatra EII,5
Basil Brooke,Richard Bancroft|George Abbot,Cleopatra EI;Cleopatra FII;Cleopatra FI;Cleopatra EIII;Cleopatra EII,5
Basil Brooke,Robert Bowyer,Cleopatra FII,1
Basil Brooke,William Crashaw,Cleopatra EI;Cleopatra EIII,2
Basil Brooke,William Dugdale,Cleopatra EIV,1
Basil Brooke,William Noy,Cleopatra FI;Cleopatra FII,2
Benjamin Jonson,George Buc,Claudius EIII,1
Benjamin Jonson,Henry Howard,Claudius EIII,1
Benjamin Jonson,Henry Spelman,Julius AII,1
Benjamin Jonson,James Ussher,Claudius EIII,1
Benjamin Jonson,Richard Bancroft,Claudius EIII,1
Benjamin Jonson,Simonds D’Ewes,Claudius EIII,1
Benjamin Jonson,William Burton,Claudius EIII,1
Benjamin Jonson,William Dugdale,Claudius EIII,1
Brian Twyne,John Selden,Claudius DVIII,1
Bulstrode Whitelocke,Daniel Dunn,Vespasian BXXII,1
Bulstrode Whitelocke,George Calvert,Nero BIII,1
Bulstrode Whitelocke,Henry Montagu,Otho EIX,1
Bulstrode Whitelocke,John Egerton,Vespasian BXXII,1
Bulstrode Whitelocke,John Selden,Galba BII;Otho EIX;Vespasian BXXII;Galba BI;Galba BVIII;Galba BXII;Otho EVIII;Galba BV;Galba BIII;Galba BX;Galba BIV;Galba BIX,12
Bulstrode Whitelocke,Robert Cecil|William Cecil,Galba CX,1
Bulstrode Whitelocke,Samuel Pepys,Vespasian BXXII,1
Bulstrode Whitelocke,Thomas Wilson|Robert Cecil,Otho EIX,1
Bulstrode Whitelocke,William Camden,Nero BV;Nero BIII;Galba DXII;Nero BIV,4
Bulstrode Whitelocke,nan,Galba BVI,1
Christopher Hatton,Francis Tate|William Camden,Vespasian AXIV,1
Christopher Hatton,Henry Spelman,Vespasian AXIV,1
Christopher Hatton,James Ussher,Tiberius AXV;Vespasian AXIV,2
Christopher Hatton,Patrick Young,Tiberius AXV;Vespasian AXIV,2
Daniel Dunn,George Allington,Nero DVI,1
Daniel Dunn,John Egerton,Vespasian BXXII,1
Daniel Dunn,John Selden,Nero DVI;Vespasian BXXII,2
Daniel Dunn,King Charles II,Nero DVI,1
Daniel Dunn,Robert Bowyer,Nero DVI,1
Daniel Dunn,Robert Cecil,Vespasian CI,1
Daniel Dunn,Roger Owen,Nero DVI,1
Daniel Dunn,Samuel Pepys,Vespasian BXXII,1
Daniel Dunn,William Le Neve,Nero DVI,1
Dudley Carleton,George Carew,Titus BXIII,1
Dudley Carleton,Mr Jonston,Titus BXII;Titus BXIII,2
Dudley Carleton,Oliver St John,Titus BXII;Titus BXIII,2
Dudley Carleton,St Lo Kniveton,Titus BXII,1
Dudley Carleton,William Camden,Titus BXII;Titus BXIII,2
Edward Coke,Edward Coke,Julius FIII,1
Edward Coke,Hart,Titus AI;Domitian XV,2
Edward Coke,John Egerton,Julius FIII,1
Edward Coke,John Selden,Vitellius EV;Julius FIII,2
Edward Coke,Lord William Howard|Nicholas Roscarrock,Titus AI;Domitian XV,2
Edward Coke,Nicholas Gilborne,Julius FIII,1
Edward Coke,Peter Balle,Titus AI;Domitian XV,2
Edward Coke,Richard Bancroft,Titus AI;Domitian XV,2
Edward Coke,Richard Bancroft|Robert Cecil,Domitian XV,1
Edward Coke,St Lo Kniveton,Cleopatra CVII,1
Edward Coke,Thomas Ham[p]son,Cleopatra CVII,1
Edward Coke,William Dugdale,Titus AI;Domitian XV,2
Edward Dering,John Barkham,Cambridge University Library Additional MS 3578,1
Edward Herbert,Edward Herbert,Caligula DX;Caligula DXI,2
Edward Herbert,George Carew,Caligula DIX,1
Edward Herbert,Henry Howard,Julius FVI,1
Edward Herbert,Henry Montagu,Vespasian FIX,1
Edward Herbert,James Ussher|Robert Cecil,Galba EIV,1
Edward Herbert,John Selden,Caligula DIX;Caligula DXII;Caligula DVII;Caligula DXI;Nero CVIII;Caligula DX;Caligula DVI;Caligula DVIII;Caligula EIV,9
Edward Herbert,John Strype,Julius FVI,1
Edward Herbert,John Williams,Cleopatra BV,1
Edward Herbert,Richard Bancroft,Titus BI,1
Edward Herbert,Robert Cecil,Caligula DIX;Caligula DXII;Caligula DVII;Caligula DXI;Caligula DX;Caligula DVI;Caligula DVIII;Caligula EIV,8
Edward Herbert,Thomas Howard,Vitellius CXI;Vitellius CXVI,2
Edward Herbert,Thomas Smith,Julius FVI,1
Edward Herbert,Thomas Wilson,Vitellius CXI;Vitellius CXVI;Julius FVI,3
Elias Ashmole,George Allington,Julius CIX,1
Elias Ashmole,Lord William Howard,Claudius BVII,1
Elias Ashmole,William Segar,Julius CIX,1
Fitton,John Selden,Tiberius CV,1
Fitton,Povey,Tiberius CV,1
Francis Bacon,Francis Bacon,Cleopatra FVI,1
Francis Bacon,Francis Tate,Nero AI,1
Francis Bacon,Hart,Julius CII,1
Francis Bacon,Henry Bourchier,Cleopatra FVI,1
Francis Bacon,Henry Howard,Nero AI;Cleopatra FVI,2
Francis Bacon,Henry Montagu,Cleopatra FVI,1
Francis Bacon,James Ley,Julius EIII,1
Francis Bacon,James Ussher,Nero AI,1
Francis Bacon,John Selden,Julius EIII;Cleopatra FVI,2
Francis Bacon,Lord William Howard,Cleopatra FVI,1
Francis Bacon,St Lo Kniveton,Julius EIII,1
Francis Bacon,Thomas Howard,Vespasian AXIII;Cleopatra FVI,2
Francis Bacon,William Camden,Vespasian AXIII,1
Francis Fowler,Henry Howard,Vespasian CII,1
Francis Fowler,Robert Cecil,Vespasian CII,1
Francis Junius,Gerard Langbaine,Tiberius B1,1
Francis Junius,Humfrey Wanley,Tiberius B1,1
Francis Junius,James Ussher,Tiberius B1,1
Francis Tate,Francis Tate,Tiberius CXI;Tiberius AXIII;Vespasian DXXI;Vespasian EXI,4
Francis Tate,George Buc,Tiberius AXIII,1
Francis Tate,Henry Howard,Nero AI,1
Francis Tate,Henry Spelman|Henry Spelman,Tiberius AXIII,1
Francis Tate,Humfrey Wanley,Tiberius BIV,1
Francis Tate,James Ussher,Nero AI,1
Francis Tate,Jaspar Gryffyth,Vespasian EXI,1
Francis Tate,John Selden,Claudius BIV;Caligula AXV;Tiberius AXIII;Vespasian EXI,4
Francis Tate,Patrick Young,Tiberius CXI,1
Francis Tate,Peter Balle,Vespasian EXI,1
Francis Tate,Richard Montague,Tiberius CXI,1
Francis Tate,Robert Bertie,Tiberius EVIII,1
Francis Tate,Simonds D’Ewes,Tiberius AXIII,1
Francis Tate,William Camden,Tiberius AXIII;Vespasian DXXI,2
Francis Tate,William Dugdale,Claudius BIV,1
Francis Tate,William Le Neve,Claudius BIV;Caligula AXV,2
Francis Tate,William Lisle,Claudius BIV,1
Francis Tate,William Watts,Vespasian DXXI,1
Francis Tate,nan,Tiberius EVIII;Tiberius AXIII,2
Francis Tate|John Dodderidge,James Ussher,Domitian VIII,1
Francis Tate|John Dodderidge,Mr Gyze,Domitian VIII,1
Francis Tate|John Harington’s tutor|William Crashaw,George Abbot,Titus DXIX;Titus DI,2
Francis Tate|William Camden,Henry Spelman,Vespasian AXIV,1
Francis Tate|William Camden,James Ussher,Vespasian AXIV,1
Francis Tate|William Camden,Patrick Young,Vespasian AXIV,1
Fulke Greville,Fulke Greville,Cleopatra AXVI,1
Fulke Greville,John Selden,Cleopatra AXVI,1
Fulke Greville,Richard Bancroft|John Pory,Cleopatra AXVI,1
George Allington,John Selden,Nero DVI,1
George Allington,King Charles II,Nero DVI,1
George Allington,Mr [ Bartholomew] Cotton of the Exchequer,Nero CX,1
George Allington,Robert Bowyer,Nero DVI,1
George Allington,Roger Owen,Nero DVI,1
George Allington,William Le Neve,Nero DVI,1
George Allington,William Segar,Julius CIX,1
George Buc,Henry Howard,Claudius EIII,1
George Buc,Henry Spelman|Henry Spelman,Tiberius AXIII,1
George Buc,James Ussher,Claudius EIII;Tiberius CXIII,2
George Buc,John Hayward,Tiberius CXIII,1
George Buc,John Selden,Otho BV;Otho DVII;Tiberius AXIII;Vespasian AXXII;Tiberius CXIII,5
George Buc,John Speed,Otho BV,1
George Buc,Nicolas-Claude Fabri de Peirese,Tiberius CXIII,1
George Buc,Richard Bancroft,Claudius EIII;Otho BV;Tiberius CXIII,3
George Buc,Richard Montague,Tiberius CXIII,1
George Buc,Simonds D’Ewes,Claudius EIII;Tiberius AXIII;Tiberius CXIII,3
George Buc,St Lo Kniveton,Tiberius CXIII,1
George Buc,William Burton,Claudius EIII,1
George Buc,William Camden,Tiberius AXIII,1
George Buc,William Cecil,Titus CVI,1
George Buc,William Dugdale,Claudius EIII,1
George Buc,William Watts,Otho BV,1
George Buc,nan,Tiberius AXIII,1
George Calvert,Mr Lassells of Notinghamshir by Newwark|St Lo Kniveton,Faustina BVII,1
George Calvert,Patrick Young,Claudius DIX;Claudius EV,2
George Calvert,William Camden,Nero BIII,1
George Carew,George Carew,Caligula DIX,1
George Carew,Godfrey Goodman,Cleopatra EI,1
George Carew,Henry Howard,Cleopatra EI;Titus CI,2
George Carew,Henry Hyde,Titus CI,1
George Carew,Henry Montagu,Titus CI,1
George Carew,Henry Savile,Vespasian CXIV,1
George Carew,James I,Cleopatra EI,1
George Carew,John Borough,Titus CI,1
George Carew,John Selden,Caligula DIX,1
George Carew,Lord William Howard,Titus CI,1
George Carew,Mr Jonston,Titus BXIII,1
George Carew,Oliver St John,Titus BXIII,1
George Carew,Ralph Brooke,Vespasian CXIV,1
George Carew,Richard Bancroft,Cleopatra EI,1
George Carew,Richard Bancroft|George Abbot,Cleopatra EI,1
George Carew,Robert Cecil,Titus BVI;Caligula DIX,2
George Carew,Thomas Howard,Titus CI,1
George Carew,William Camden,Titus BXIII,1
George Carew,William Crashaw,Cleopatra EI,1
George Carew,William Dugdale,Vespasian CXIV,1
George Carew,William Le Neve,Titus CI;Vespasian CXIV,2
Gerard Langbaine,Humfrey Wanley,Tiberius B1,1
Gerard Langbaine,James Ussher,Tiberius B1,1
Godfrey Goodman,Godfrey Goodman,Cleopatra EI,1
Godfrey Goodman,Henry Bourchier,Vitellius BII,1
Godfrey Goodman,Henry Howard,Cleopatra EI,1
Godfrey Goodman,James I,Cleopatra EI,1
Godfrey Goodman,Lord William Howard,Vitellius BII,1
Godfrey Goodman,Richard Bancroft,Cleopatra EI,1
Godfrey Goodman,Richard Bancroft|George Abbot,Cleopatra EI,1
Godfrey Goodman,William Crashaw,Cleopatra EI,1
Godfrey Goodman,William Greene,Julius EI,1
Godfrey Wildbore,Godfrey Wildbore,Cleopatra CI,1
Godfrey Wildbore,James Ussher|William Laud|George Abbot,Nero CVII,1
Godfrey Wildbore,John Lambe,Cleopatra CI;Cleopatra CII,2
Godfrey Wildbore,nan,Cleopatra CII,1
Guillim,Robert Bowyer,Claudius CIV,1
Guillim,nan,Claudius CIV,1
Hart,Hart,Julius CII;Titus AI,2
Hart,Lord William Howard|Nicholas Roscarrock,Titus AI;Domitian XV,2
Hart,Peter Balle,Titus AI;Domitian XV,2
Hart,Richard Bancroft,Titus AI;Domitian XV,2
Hart,Richard Bancroft|Robert Cecil,Domitian XV,1
Hart,William Dugdale,Titus AI;Domitian XV,2
Henry (or John) Hobart,Henry Montagu,Titus FIV,1
Henry (or John) Hobart,‘Mr Randall’|‘Mr Attorney’ Hobart,Titus FIV,1
Henry Bourchier,Henry Bourchier,Cleopatra EIV,1
Henry Bourchier,Henry Howard,Cleopatra FVI,1
Henry Bourchier,Henry Montagu,Cleopatra FVI,1
Henry Bourchier,James Ussher,Tiberius AXIV,1
Henry Bourchier,John Selden,Julius AXI;Cleopatra EIV;Cleopatra FVI;Tiberius BXIII;Vespasian CXIII,5
Henry Bourchier,John Speed,Cleopatra EIV,1
Henry Bourchier,Lord William Howard,Vitellius BII;Cleopatra FVI,2
Henry Bourchier,Patrick Young,Julius AXI,1
Henry Bourchier,Ralph Winwood|Mr Waight,Vespasian CXIII,1
Henry Bourchier,Richard Bancroft,Julius AXI,1
Henry Bourchier,Samuel Ward,Tiberius AXIV,1
Henry Bourchier,Thomas Howard,Cleopatra FVI,1
Henry Bourchier,William Camden,Caligula EXII;Caligula EXI,2
Henry Bourchier,William Dugdale,Cleopatra EIV,1
Henry Bourchier,nan,Tiberius AXIV,1
Henry Elsyng,John Selden,Otho BXIII,1
Henry Howard,Henry Hyde,Titus CI,1
Henry Howard,Henry Montagu,Titus CI;Cleopatra FVI,2
Henry Howard,James I,Cleopatra EI,1
Henry Howard,James Ussher,Claudius EIII;Nero AI;Tiberius CVII,3
Henry Howard,John Borough,Titus CI,1
Henry Howard,John Selden,Cleopatra FVI,1
Henry Howard,John Selden|Augustine Vincent,Tiberius CVII,1
Henry Howard,John Strype,Julius FVI,1
Henry Howard,Lord William Howard,Titus CI;Cleopatra FVI,2
Henry Howard,Mr Beston,Caligula CIII,1
Henry Howard,Oliver St John,Caligula CIII,1
Henry Howard,Richard Bancroft,Claudius EIII;Cleopatra EI;Tiberius CVII,3
Henry Howard,Richard Bancroft|George Abbot,Cleopatra EI,1
Henry Howard,Richard Cecil,Caligula BIV,1
Henry Howard,Robert Bowyer,Tiberius CVII,1
Henry Howard,Robert Cecil,Vespasian CII,1
Henry Howard,Simonds D’Ewes,Claudius EIII,1
Henry Howard,Thomas Howard,Titus CI;Cleopatra FVI,2
Henry Howard,Thomas Smith,Julius FVI,1
Henry Howard,Thomas Wilson,Julius FVI,1
Henry Howard,William Burton,Claudius EIII;Tiberius CVII,2
Henry Howard,William Camden,Vitellius CXVII,1
Henry Howard,William Crashaw,Cleopatra EI,1
Henry Howard,William Dugdale,Claudius EIII;Tiberius CVII,2
Henry Howard,William Le Neve,Titus CI,1
Henry Howard,nan,Tiberius CVII,1
Henry Hyde,Henry Montagu,Titus CI,1
Henry Hyde,John Borough,Titus CI,1
Henry Hyde,Lord William Howard,Titus CI,1
Henry Hyde,Thomas Howard,Titus CI,1
Henry Hyde,William Le Neve,Titus CI,1
Henry Montagu,Henry Montagu,Vespasian FIX;Titus CI;Otho EXI;Titus FIV;Claudius AVIII;Otho EX;Cleopatra FVI,7
Henry Montagu,John Borough,London British Library Additional MS 46410;Titus CI,2
Henry Montagu,John Dodderidge,Otho EXI,1
Henry Montagu,John Selden,Titus EI;Otho EIX;Faustina BIX;Cleopatra FIII;London British Library Additional MS 33216;Otho EX;Cleopatra FVI,7
Henry Montagu,John Selden|Ralph Starkey,London British Library Additional MS 46410,1
Henry Montagu,John Williams,Caligula AXII;Caligula AXIII,2
Henry Montagu,John Williams|John Selden,London British Library Additional MS 46410,1
Henry Montagu,Lord William Howard,Titus CI;Claudius AVIII;Cleopatra FVI,3
Henry Montagu,Mr Colwell,London British Library Additional MS 46410,1
Henry Montagu,Mr Morgan,Caligula AXII;Caligula AXIII,2
Henry Montagu,Patrick Young,Faustina BIX,1
Henry Montagu,Percy Herbert,Caligula AXII;Caligula AXIII,2
Henry Montagu,Richard St George,Caligula AXII;Caligula AXIII,2
Henry Montagu,"Samuel Roper, senior",Caligula AXIII,1
Henry Montagu,Thomas Coventry,London British Library Additional MS 33216;London British Library Additional MS 46410;Titus EI,3
Henry Montagu,Thomas Howard,Titus CI;Cleopatra FVI,2
Henry Montagu,Thomas Wilson|Robert Cecil,Otho EIX,1
Henry Montagu,William Le Neve,Titus CI,1
Henry Montagu,‘Mr Randall’|‘Mr Attorney’ Hobart,Titus FIV,1
Henry Savile,Patrick Young,Otho BVI,1
Henry Savile,Ralph Brooke,Vespasian CXIV,1
Henry Savile,Thomas Howard,Otho BVI,1
Henry Savile,William Dugdale,Vespasian CXIV,1
Henry Savile,William Le Neve,Vespasian CXIV,1
Henry Spelman,Henry Spelman,Titus AXXVII;Claudius DII,2
Henry Spelman,James Ussher,Vespasian AXIV,1
Henry Spelman,John Selden,Vitellius CX;Claudius DII,2
Henry Spelman,Patrick Young,Vespasian AXIV,1
Henry Spelman,William Camden,Titus AXV;Titus AXVI,2
Henry Spelman|Henry Spelman,John Selden,Tiberius AXIII,1
Henry Spelman|Henry Spelman,Simonds D’Ewes,Tiberius AXIII,1
Henry Spelman|Henry Spelman,William Camden,Tiberius AXIII,1
Henry Spelman|Henry Spelman,nan,Tiberius AXIII,1
Henry Williamson,Nicholas Gilborne,Otho EIV,1
Hugh Holland,Thomas Smith,Julius CV,1
Humfrey Wanley,James Ussher,Tiberius B1,1
Humfrey Wanley,William Lisle,Otho BXI,1
Humphrey Henchman,Mr Morgan,Otho BXIV,1
Humphrey Henchman,Percy Herbert,Otho BXIV,1
Humphrey Henchman,Richard St George,Otho BXIV,1
Humphrey Henchman,"Samuel Roper, senior",Otho BXIV,1
James I,James I,Cleopatra EI,1
James I,John Speed,Titus CX,1
James I,Richard Bancroft,Cleopatra EI,1
James I,Richard Bancroft|George Abbot,Cleopatra EI,1
James I,William Crashaw,Cleopatra EI,1
James Ley,John Selden,Julius EIII,1
James Ley,St Lo Kniveton,Titus BXI;Julius EIII,2
James Ussher,James Ussher,Vespasian AXIV;Julius DIII;Nero EI;Vespasian AIX,4
James Ussher,James Ussher|William Laud|George Abbot,Claudius EIV,1
James Ussher,John Hayward,Tiberius CXIII,1
James Ussher,John Pory,Vitellius EXIV;Vitellius DVII,2
James Ussher,John Selden,Vitellius CIX;Vitellius FIX;Tiberius CXIII;Tiberius CIII;Claudius EIV,5
James Ussher,John Selden|Augustine Vincent,Tiberius CVII,1
James Ussher,John Williams,Cleopatra BXIII;Nero EI,2
James Ussher,Lord William Howard,Tiberius CVI;Nero CIV,2
James Ussher,Mr Gyze,Domitian VIII,1
James Ussher,Nicolas-Claude Fabri de Peirese,Tiberius CXIII,1
James Ussher,Patrick Young,Tiberius AXV;Vitellius CVIII;Nero CV;Vitellius EXVIII;Vespasian AXIV;Otho AIX;Tiberius CVI;Otho AXII,8
James Ussher,Richard Bancroft,Vitellius EXIV;Claudius EIII;Nero CV;Vitellius EXI;Vitellius DVII;Vitellius FIX;Tiberius CVII;Tiberius CXIII,8
James Ussher,Richard Montague,Tiberius CXIII,1
James Ussher,Robert Bowyer,Tiberius CVII,1
James Ussher,Samuel Ward,Tiberius AXIV,1
James Ussher,Simonds D’Ewes,Claudius EIII;Tiberius CXIII,2
James Ussher,Sir Thomas Cotton's ‘cosen’,Cleopatra BIX,1
James Ussher,St Lo Kniveton,Tiberius CXIII,1
James Ussher,Thomas Cannon,Vitellius CIX,1
James Ussher,William Burton,Claudius EIII;Tiberius CVII,2
James Ussher,William Camden,Vitellius FIX;Nero CV;Julius DIII;Vitellius DVII,4
James Ussher,William Dugdale,Claudius EIII;Vitellius CVIII;Vitellius CIX;Otho AIX;Tiberius CVII,5
James Ussher,nan,Tiberius CVII;Tiberius AXIV,2
James Ussher,unidentified borrower|James Ussher,Vitellius EXIV,1
James Ussher|William Laud|George Abbot,James Ussher|William Laud|George Abbot,Nero CVII;Claudius EIV;Faustina BIV,3
James Ussher|William Laud|George Abbot,John Selden,Claudius EIV,1
James Ussher|William Laud|George Abbot,William Camden,Faustina BIV,1
James Ware,Thomas Allen,Cleopatra AII,1
James Ware,William Camden,Cleopatra AII,1
Jarvis Bradgate,John Speed,Nero DX,1
Jaspar Gryffyth,John Selden,Vespasian EXI,1
Jaspar Gryffyth,Peter Balle,Vespasian EXI,1
John Barkham,John Selden,Tiberius AIX;Vitellius DII,2
John Barkham,John Speed,Vitellius DII,1
John Barkham,Patrick Young,Vitellius DII,1
John Barkham,Richard Bancroft,Tiberius AIX,1
John Barkham,Simonds D’Ewes,Vitellius DII,1
John Barkham,nan,Tiberius AIX,1
John Bernard,John Lambe,Faustina BIII,1
John Bernard,John Lambe|Fronton du Duc,Otho AXVII,1
John Borough,John Selden|Ralph Starkey,London British Library Additional MS 46410,1
John Borough,John Williams|John Selden,London British Library Additional MS 46410,1
John Borough,Lord William Howard,Titus CI,1
John Borough,Mr Colwell,London British Library Additional MS 46410,1
John Borough,Thomas Coventry,London British Library Additional MS 46410,1
John Borough,Thomas Howard,Titus CI,1
John Borough,William Le Neve,Titus CI,1
John Bradshaw,John Bradshaw,Faustina AIII;Titus AVIII,2
John Bradshaw,John Selden,Faustina AIII;Titus AVIII,2
John Bradshaw,Richard Perrincheif,Titus AVIII,1
John Bradshaw,Robert Bowyer,Faustina AIII;Titus AVIII,2
John Bradshaw,William Dugdale,Julius CVI,1
John Dodderidge,Thomas Howard,Augustus I,1
John Dodderidge,William Camden,Augustus I,1
John Doyly,Lawrence Tanfield,Vitellius EXV,1
John Doyly,Mr Taylor,Vitellius EXV,1
John Egerton,John Selden,Vespasian BXXII;Julius FIII,2
John Egerton,Nicholas Gilborne,Julius FIII,1
John Egerton,Samuel Pepys,Vespasian BXXII,1
John Everard,John Selden,Vespasian AXVIII,1
John Hayward,John Selden,Tiberius CXIII,1
John Hayward,Nicolas-Claude Fabri de Peirese,Tiberius CXIII,1
John Hayward,Richard Bancroft,Tiberius CXIII,1
John Hayward,Richard Montague,Tiberius CXIII,1
John Hayward,Simonds D’Ewes,Tiberius CXIII,1
John Hayward,St Lo Kniveton,Tiberius CXIII,1
John Hough,John Selden,Claudius EI,1
John Lambe,nan,Cleopatra CII,1
John Laughton,Lord William Howard|Nicholas Roscarrock,Tiberius EI;Otho DIX,2
John Pory,Richard Bancroft,Vitellius EXIV;Vitellius DVII,2
John Pory,William Camden,Vitellius DVII,1
John Pory,unidentified borrower|James Ussher,Vitellius EXIV,1
John Selden,John Selden,Titus EI;Nero DI;Titus EIV;Tiberius AIX;Titus EIII;Tiberius CXIII;Claudius EIV;Julius BVIII;Caligula AIV;Otho BXIII;Cleopatra DI;Nero EVI;Vitellius FXIX;Otho EVII;Claudius EI;Vitellius FXVIII;Nero CIX;Tiberius CV,18
John Selden,John Speed,Otho BV;Cleopatra EIV;Vitellius DII,3
John Selden,John Speed|John Barkham,Vespasian EIII,1
John Selden,King Charles II,Nero DVI,1
John Selden,Lord William Howard,Titus EVIII;Titus EVII;Titus EIX;Cleopatra FVI,4
John Selden,Nicholas Gilborne,Julius FIII,1
John Selden,Nicolas-Claude Fabri de Peirese,Tiberius CXIII,1
John Selden,Patrick Young,Faustina BIX;Cleopatra DI;Domitian V;Vespasian BXIX;Nero AVII;Claudius AXI;Julius AXI;Otho CXIV;Vitellius DII,9
John Selden,Peter Balle,Cleopatra FI;Cleopatra FII;Vespasian EIII;Vespasian EXI,4
John Selden,Povey,Tiberius CV,1
John Selden,Ralph Starkey,Nero DII,1
John Selden,Ralph Winwood|Mr Waight,Vespasian CXIII,1
John Selden,Richard Bancroft,Otho BV;Cleopatra FII;Nero DII;Nero DI;Vespasian BXIX;Tiberius AIX;Vitellius DXV;Cleopatra FI;Vitellius FIX;Julius AXI;Otho CXIV;Tiberius CXIII,12
John Selden,Richard Bancroft|George Abbot,Cleopatra FI;Cleopatra FII,2
John Selden,Richard Bancroft|John Pory,Cleopatra AXVI,1
John Selden,Richard Montague,Vespasian EIII;Tiberius CXIII,2
John Selden,Richard Perrincheif,Titus AVIII,1
John Selden,Robert Bowyer,Nero DVI;Faustina AIII;Cleopatra FII;Titus AVIII,4
John Selden,Robert Cecil,Caligula EI;Caligula EIII;Caligula DIX;Caligula DXII;Caligula EII;Caligula DVII;Caligula DXI;Caligula DX;Caligula DVI;Caligula DVIII;Caligula EIV,11
John Selden,Roger Owen,Nero DVI;Vespasian BXIX,2
John Selden,Samuel Pepys,Vespasian BXXII,1
John Selden,Simonds D’Ewes,Vitellius DII;Tiberius AXIII;Tiberius CXIII;Julius BVIII,4
John Selden,St Lo Kniveton,Tiberius CXIII;Julius EIII,2
John Selden,Thomas Brudenell,Cleopatra CX,1
John Selden,Thomas Cannon,Vitellius CIX,1
John Selden,Thomas Coventry,London British Library Additional MS 33216;Titus EI,2
John Selden,Thomas Coventry|John Borough,Titus EIII;Titus EIV;Titus EII,3
John Selden,Thomas Howard,Cleopatra FVI,1
John Selden,Thomas Wilson,Otho EVII,1
John Selden,Thomas Wilson|Robert Cecil,Otho EIX,1
John Selden,William Camden,Claudius EVII;Vitellius FXII;Nero DI;Vitellius DXV;Vitellius FIX;Tiberius AXIII;Domitian I;Cleopatra DV,8
John Selden,William Dugdale,Titus CV;Vitellius CIX;Vespasian AXII;Cleopatra EIV;Cleopatra AIII;Claudius BIV,6
John Selden,William Greene,Claudius EVII,1
John Selden,William Le Neve,Nero DVI;Vitellius CIV;Caligula AXV;Cleopatra AIII;Claudius BIV,5
John Selden,William Lisle,Claudius BIV,1
John Selden,William Noy,Cleopatra FI;Cleopatra FII,2
John Selden,William Watts,Nero DI;Otho BV,2
John Selden,nan,Tiberius AXIII;Tiberius AIX,2
John Selden|Augustine Vincent,Richard Bancroft,Tiberius CVII,1
John Selden|Augustine Vincent,Robert Bowyer,Tiberius CVII,1
John Selden|Augustine Vincent,William Burton,Tiberius CVII,1
John Selden|Augustine Vincent,William Dugdale,Tiberius CVII,1
John Selden|Augustine Vincent,nan,Tiberius CVII,1
John Selden|Ralph Starkey,John Williams|John Selden,London British Library Additional MS 46410,1
John Selden|Ralph Starkey,Mr Colwell,London British Library Additional MS 46410,1
John Selden|Ralph Starkey,Thomas Coventry,London British Library Additional MS 46410,1
John Speed,"John Speed, Arthur Agarde, or St Lo Kniveton",Titus DXII,1
John Speed,Patrick Young,Vitellius DII,1
John Speed,Richard Bancroft,Otho DVIII;Otho BV,2
John Speed,Simonds D’Ewes,Vitellius DII,1
John Speed,St Lo Kniveton,Titus DXII,1
John Speed,William Dugdale,Cleopatra EIV,1
John Speed,William Watts,Otho BV,1
"John Speed, Arthur Agarde, or St Lo Kniveton",St Lo Kniveton,Titus DXII,1
John Speed|John Barkham,Peter Balle,Vespasian EIII,1
John Speed|John Barkham,Richard Montague,Vespasian EIII,1
John Strype,Lord William Howard,Titus BII,1
John Strype,Thomas Smith,Julius FVI,1
John Strype,Thomas Wilson,Julius FVI,1
John Williams,Mr Morgan,Caligula AXII;Caligula AXIII,2
John Williams,Percy Herbert,Caligula AXII;Caligula AXIII,2
John Williams,Richard St George,Caligula AXII;Caligula AXIII,2
John Williams,"Samuel Roper, senior",Caligula AXIII,1
John Williams|John Selden,Mr Colwell,London British Library Additional MS 46410,1
John Williams|John Selden,Thomas Coventry,London British Library Additional MS 46410,1
King Charles II,Robert Bowyer,Nero DVI,1
King Charles II,Roger Owen,Nero DVI,1
King Charles II,William Le Neve,Nero DVI,1
Lawrence Tanfield,Mr Taylor,Vitellius EXV,1
Lord William Howard,Patrick Young,Tiberius CVI,1
Lord William Howard,Thomas Howard,Titus CI;Cleopatra FVI,2
Lord William Howard,William Camden,Tiberius EVI;Otho DIII,2
Lord William Howard,William Le Neve,Titus CI,1
Lord William Howard|Nicholas Roscarrock,Peter Balle,Titus AI;Domitian XV,2
Lord William Howard|Nicholas Roscarrock,Richard Bancroft,Titus AI;Domitian XV,2
Lord William Howard|Nicholas Roscarrock,Richard Bancroft|Robert Cecil,Domitian XV,1
Lord William Howard|Nicholas Roscarrock,William Dugdale,Titus AI;Domitian XV,2
Mr Beston,Oliver St John,Caligula CIII,1
Mr Beston,Thomas Wilson,Vespasian FVI,1
Mr Colwell,Thomas Coventry,London British Library Additional MS 46410,1
Mr Jonston,Oliver St John,Titus BXII;Titus BXIII,2
Mr Jonston,St Lo Kniveton,Titus BXII,1
Mr Jonston,William Camden,Titus BXII;Titus BXIII,2
Mr Morgan,Percy Herbert,Caligula AXII;Otho BXIV;Caligula AXIII,3
Mr Morgan,Richard St George,Caligula AXII;Otho BXIV;Caligula AXIII,3
Mr Morgan,"Samuel Roper, senior",Otho BXIV;Caligula AXIII,2
Nicolas-Claude Fabri de Peirese,Richard Bancroft,Tiberius CXIII,1
Nicolas-Claude Fabri de Peirese,Richard Montague,Tiberius CXIII,1
Nicolas-Claude Fabri de Peirese,Simonds D’Ewes,Tiberius CXIII,1
Nicolas-Claude Fabri de Peirese,St Lo Kniveton,Tiberius CXIII,1
Oliver St John,St Lo Kniveton,Titus BXII,1
Oliver St John,William Camden,Titus BXII;Titus BXIII,2
Patrick Young,Peter Balle,Cleopatra EIII,1
Patrick Young,Richard Bancroft,Otho CXIV;Nero CV;Titus DXI;Julius AXI;Vespasian BXIX;Cleopatra EIII,6
Patrick Young,Richard Bancroft|George Abbot,Cleopatra EIII,1
Patrick Young,Richard Montague,Tiberius CXI,1
Patrick Young,Roger Owen,Vespasian BXIX,1
Patrick Young,Simonds D’Ewes,Vitellius DII,1
Patrick Young,Thomas Howard,Otho BVI,1
Patrick Young,William Camden,Nero CV,1
Patrick Young,William Crashaw,Cleopatra EIII,1
Patrick Young,William Dugdale,Vitellius CVIII;Otho AIX,2
Patrick Young|Samuel Ward,Samuel Ward,Tiberius CII,1
Percy Herbert,Richard St George,Caligula AXII;Otho BXIV;Caligula AXIII,3
Percy Herbert,"Samuel Roper, senior",Otho BXIV;Caligula AXIII,2
Peter Balle,Richard Bancroft,Titus AI;Cleopatra FII;Nero AXV;Domitian XV;Cleopatra FI;Nero AXVI;Cleopatra EIII,7
Peter Balle,Richard Bancroft|George Abbot,Cleopatra FI;Cleopatra FII;Cleopatra EIII,3
Peter Balle,Richard Bancroft|Robert Cecil,Domitian XV,1
Peter Balle,Richard Montague,Vespasian EIII,1
Peter Balle,Robert Bowyer,Cleopatra FII,1
Peter Balle,William Crashaw,Cleopatra EIII,1
Peter Balle,William Dugdale,Titus AI;Domitian XV,2
Peter Balle,William Noy,Cleopatra FI;Cleopatra FII,2
Peter Balle,unidentified borrower,Claudius CXI;Tiberius AVI,2
Ralph Brooke,William Dugdale,Vespasian CXIV,1
Ralph Brooke,William Le Neve,Vespasian CXIV,1
Ralph Starkey,Richard Bancroft,Nero DII,1
Richard Bancroft,Richard Bancroft,Julius AXI;Titus AI;Titus BI,3
Richard Bancroft,Richard Bancroft|George Abbot,Cleopatra EI;Cleopatra FII;Cleopatra FI;Cleopatra EIII;Cleopatra EII,5
Richard Bancroft,Richard Bancroft|Robert Cecil,Domitian XV,1
Richard Bancroft,Richard Montague,Tiberius CXIII,1
Richard Bancroft,Robert Bowyer,Tiberius CVII;Cleopatra FII,2
Richard Bancroft,Roger Owen,Vespasian BXIX,1
Richard Bancroft,Simonds D’Ewes,Claudius EIII;Tiberius CXIII,2
Richard Bancroft,St Lo Kniveton,Tiberius CXIII;Tiberius AX,2
Richard Bancroft,William Burton,Claudius EIII;Tiberius CVII,2
Richard Bancroft,William Camden,Nero DI;Nero CV;Vitellius DXV;Vitellius FIX;Tiberius AX;Vitellius DVII,6
Richard Bancroft,William Crashaw,Cleopatra EI;Cleopatra EIII,2
Richard Bancroft,William Dugdale,Claudius EIII;Titus AI;Tiberius CVII;Domitian XV,4
Richard Bancroft,William Noy,Cleopatra FI;Cleopatra FII,2
Richard Bancroft,William Watts,Nero DI;Otho BV,2
Richard Bancroft,nan,Tiberius CVII;Tiberius AIX;Tiberius AX,3
Richard Bancroft,unidentified borrower|George Allington|Patrick Young,Claudius DVI,1
Richard Bancroft,unidentified borrower|James Ussher,Vitellius EXIV,1
Richard Bancroft,unidentified borrower|Mr Husser|Mr Sargent Barker|James Ussher,Otho BIII,1
Richard Bancroft|George Abbot,Robert Bowyer,Cleopatra FII,1
Richard Bancroft|George Abbot,William Crashaw,Cleopatra EI;Cleopatra EIII,2
Richard Bancroft|George Abbot,William Noy,Cleopatra FI;Cleopatra FII,2
Richard Bancroft|Robert Cecil,William Dugdale,Domitian XV,1
Richard Montague,Simonds D’Ewes,Tiberius CXIII,1
Richard Montague,St Lo Kniveton,Tiberius CXIII,1
Richard Perrincheif,Robert Bowyer,Titus AVIII,1
Richard St George,Robert Bowyer,Vitellius EXVI,1
Richard St George,"Samuel Roper, senior",Otho BXIV;Caligula AXIII,2
Robert Bertie,nan,Tiberius EVIII,1
Robert Bowyer,Robert Bowyer,Otho CI,1
Robert Bowyer,Roger Owen,Nero DVI,1
Robert Bowyer,William Burton,Tiberius CVII,1
Robert Bowyer,William Dugdale,Tiberius CVII,1
Robert Bowyer,William Le Neve,Nero DVI;Otho CI,2
Robert Bowyer,William Noy,Cleopatra FII,1
Robert Bowyer,nan,Claudius CIV;Tiberius CVII,2
Robert Cecil,Robert Cecil,Vespasian CII,1
Roger Owen,William Le Neve,Nero DVI,1
Samuel Ward,nan,Tiberius AXIV,1
Simonds D’Ewes,St Lo Kniveton,Tiberius CXIII,1
Simonds D’Ewes,William Burton,Claudius EIII,1
Simonds D’Ewes,William Camden,Tiberius AXIII,1
Simonds D’Ewes,William Dugdale,Claudius EIII,1
Simonds D’Ewes,nan,Tiberius AXIII,1
Spencer Compton,Spencer Compton,Faustina BII,1
St Lo Kniveton,St Lo Kniveton,Titus BXI;Titus DXII,2
St Lo Kniveton,Thomas Ham[p]son,Cleopatra CVII,1
St Lo Kniveton,William Camden,Titus BXII;Claudius AVI;Tiberius AX,3
St Lo Kniveton,nan,Tiberius AX,1
Thomas Allen,William Camden,Cleopatra AII,1
Thomas Cannon,Thomas Cannon,Vitellius CIX,1
Thomas Cannon,William Dugdale,Vitellius CIX,1
Thomas Howard,Thomas Wilson,Vitellius CXI;Vitellius CXVI,2
Thomas Howard,William Camden,Vespasian AXIII;Augustus I,2
Thomas Howard,William Le Neve,Titus CI,1
Thomas Howard,nan,Julius CVIII,1
Thomas Shirley,Thomas Shirley,Claudius CIII,1
Thomas Smith,Thomas Wilson,Julius FVI,1
Thomas Wilson,Thomas Wilson,Vitellius CXI;Vitellius CXVI,2
Thomas Wilson,William Camden,Caligula EVIII;Caligula EX,2
Thomas or Samuel Roper,William Dugdale,Vitellius AI;Vitellius DXVIII,2
William Burton,William Dugdale,Claudius EIII;Tiberius CVII,2
William Burton,nan,Tiberius CVII,1
William Camden,William Camden,Nero DI;Caligula EXI,2
William Camden,William Greene,Claudius EVII,1
William Camden,William Watts,Nero DI;Vespasian DXXI,2
William Camden,nan,Tiberius AXIII;Tiberius AX,2
William Dugdale,William Le Neve,Cleopatra AIII;Claudius BIV;Vespasian CXIV,3
William Dugdale,William Lisle,Claudius BIV,1
William Dugdale,nan,Tiberius CVII,1
William Greene,William Greene,Claudius EVII,1
William Le Neve,William Lisle,Claudius BIV,1
William Noy,William Noy,Cleopatra FI;Cleopatra FII,2
nan,nan,Tiberius AXIII;Tiberius AXIV,2
